season,team,statBin,count,count_over_window_sum,cum_sum_season_year_statBins,window_sum,cum_sum_as_window_percentage
2017,Iowa,"(-22, -20]",0,0,0,375,0
2017,Iowa,"(-20, -18]",0,0,0,375,0
2017,Iowa,"(-18, -16]",0,0,0,375,0
2017,Iowa,"(-16, -14]",0,0,0,375,0
2017,Iowa,"(-14, -12]",0,0,0,375,0
2017,Iowa,"(-12, -10]",0,0,0,375,0
2017,Iowa,"(-10, -8]",0,0,0,375,0
2017,Iowa,"(-8, -6]",0,0,0,375,0
2017,Iowa,"(-6, -4]",3,0.008,3,375,0.008
2017,Iowa,"(-4, -2]",22,0.058666667,25,375,0.066666667
2017,Iowa,"(-2, 0]",42,0.112,67,375,0.178666667
2017,Iowa,"(0, 2]",87,0.232,154,375,0.410666667
2017,Iowa,"(2, 4]",84,0.224,238,375,0.634666667
2017,Iowa,"(4, 6]",58,0.154666667,296,375,0.789333333
2017,Iowa,"(6, 8]",22,0.058666667,318,375,0.848
2017,Iowa,"(8, 10]",18,0.048,336,375,0.896
2017,Iowa,"(10, 12]",16,0.042666667,352,375,0.938666667
2017,Iowa,"(12, 14]",2,0.005333333,354,375,0.944
2017,Iowa,"(14, 16]",2,0.005333333,356,375,0.949333333
2017,Iowa,"(16, 18]",1,0.002666667,357,375,0.952
2017,Iowa,"(18, 20]",5,0.013333333,362,375,0.965333333
2017,Iowa,"(20, 22]",2,0.005333333,364,375,0.970666667
2017,Iowa,"(22, 24]",2,0.005333333,366,375,0.976
2017,Iowa,"(24, 26]",1,0.002666667,367,375,0.978666667
2017,Iowa,"(26, 28]",0,0,367,375,0.978666667
2017,Iowa,"(28, 30]",3,0.008,370,375,0.986666667
2017,Iowa,"(30, 32]",0,0,370,375,0.986666667
2017,Iowa,"(32, 34]",1,0.002666667,371,375,0.989333333
2017,Iowa,"(34, 36]",2,0.005333333,373,375,0.994666667
2017,Iowa,"(36, 38]",0,0,373,375,0.994666667
2017,Iowa,"(38, 40]",0,0,373,375,0.994666667
2017,Iowa,"(40, 42]",0,0,373,375,0.994666667
2017,Iowa,"(42, 44]",0,0,373,375,0.994666667
2017,Iowa,"(44, 46]",0,0,373,375,0.994666667
2017,Iowa,"(46, 48]",0,0,373,375,0.994666667
2017,Iowa,"(48, 50]",0,0,373,375,0.994666667
2017,Iowa,"(50, 52]",0,0,373,375,0.994666667
2017,Iowa,"(52, 54]",1,0.002666667,374,375,0.997333333
2017,Iowa,"(54, 56]",0,0,374,375,0.997333333
2017,Iowa,"(56, 58]",1,0.002666667,375,375,1
2017,Iowa,"(58, 60]",0,0,375,375,1
2017,Iowa,"(60, 62]",0,0,375,375,1
2017,Iowa,"(62, 64]",0,0,375,375,1
2017,Iowa,"(64, 66]",0,0,375,375,1
2017,Iowa,"(66, 68]",0,0,375,375,1
2017,Iowa,"(68, 70]",0,0,375,375,1
2017,Iowa,"(70, 72]",0,0,375,375,1
2017,Iowa,"(72, 74]",0,0,375,375,1
2017,Iowa,"(74, 76]",0,0,375,375,1
2017,Iowa,"(76, 78]",0,0,375,375,1
2017,Iowa,"(78, 80]",0,0,375,375,1
2017,Iowa,"(80, 82]",0,0,375,375,1
2017,Iowa,"(82, 84]",0,0,375,375,1
2017,Iowa,"(84, 86]",0,0,375,375,1
2017,Iowa,"(86, 88]",0,0,375,375,1
2017,Iowa,"(88, 90]",0,0,375,375,1
2017,Iowa,"(90, 92]",0,0,375,375,1
2017,Iowa,"(92, 94]",0,0,375,375,1
2017,Iowa,"(94, 96]",0,0,375,375,1
2017,Iowa,"(96, 98]",0,0,375,375,1
2017,Michigan,"(-22, -20]",0,0,0,293,0
2017,Michigan,"(-20, -18]",0,0,0,293,0
2017,Michigan,"(-18, -16]",0,0,0,293,0
2017,Michigan,"(-16, -14]",0,0,0,293,0
2017,Michigan,"(-14, -12]",0,0,0,293,0
2017,Michigan,"(-12, -10]",0,0,0,293,0
2017,Michigan,"(-10, -8]",0,0,0,293,0
2017,Michigan,"(-8, -6]",1,0.003412969,1,293,0.003412969
2017,Michigan,"(-6, -4]",4,0.013651877,5,293,0.017064846
2017,Michigan,"(-4, -2]",15,0.051194539,20,293,0.068259386
2017,Michigan,"(-2, 0]",32,0.109215017,52,293,0.177474403
2017,Michigan,"(0, 2]",63,0.215017065,115,293,0.392491468
2017,Michigan,"(2, 4]",71,0.242320819,186,293,0.634812287
2017,Michigan,"(4, 6]",36,0.122866894,222,293,0.757679181
2017,Michigan,"(6, 8]",14,0.04778157,236,293,0.805460751
2017,Michigan,"(8, 10]",20,0.068259386,256,293,0.873720137
2017,Michigan,"(10, 12]",9,0.030716724,265,293,0.90443686
2017,Michigan,"(12, 14]",6,0.020477816,271,293,0.924914676
2017,Michigan,"(14, 16]",6,0.020477816,277,293,0.945392491
2017,Michigan,"(16, 18]",2,0.006825939,279,293,0.95221843
2017,Michigan,"(18, 20]",1,0.003412969,280,293,0.955631399
2017,Michigan,"(20, 22]",1,0.003412969,281,293,0.959044369
2017,Michigan,"(22, 24]",1,0.003412969,282,293,0.962457338
2017,Michigan,"(24, 26]",1,0.003412969,283,293,0.965870307
2017,Michigan,"(26, 28]",0,0,283,293,0.965870307
2017,Michigan,"(28, 30]",1,0.003412969,284,293,0.969283276
2017,Michigan,"(30, 32]",1,0.003412969,285,293,0.972696246
2017,Michigan,"(32, 34]",0,0,285,293,0.972696246
2017,Michigan,"(34, 36]",1,0.003412969,286,293,0.976109215
2017,Michigan,"(36, 38]",0,0,286,293,0.976109215
2017,Michigan,"(38, 40]",0,0,286,293,0.976109215
2017,Michigan,"(40, 42]",0,0,286,293,0.976109215
2017,Michigan,"(42, 44]",0,0,286,293,0.976109215
2017,Michigan,"(44, 46]",0,0,286,293,0.976109215
2017,Michigan,"(46, 48]",1,0.003412969,287,293,0.979522184
2017,Michigan,"(48, 50]",2,0.006825939,289,293,0.986348123
2017,Michigan,"(50, 52]",0,0,289,293,0.986348123
2017,Michigan,"(52, 54]",0,0,289,293,0.986348123
2017,Michigan,"(54, 56]",0,0,289,293,0.986348123
2017,Michigan,"(56, 58]",0,0,289,293,0.986348123
2017,Michigan,"(58, 60]",2,0.006825939,291,293,0.993174061
2017,Michigan,"(60, 62]",0,0,291,293,0.993174061
2017,Michigan,"(62, 64]",0,0,291,293,0.993174061
2017,Michigan,"(64, 66]",0,0,291,293,0.993174061
2017,Michigan,"(66, 68]",1,0.003412969,292,293,0.996587031
2017,Michigan,"(68, 70]",0,0,292,293,0.996587031
2017,Michigan,"(70, 72]",0,0,292,293,0.996587031
2017,Michigan,"(72, 74]",0,0,292,293,0.996587031
2017,Michigan,"(74, 76]",0,0,292,293,0.996587031
2017,Michigan,"(76, 78]",1,0.003412969,293,293,1
2017,Michigan,"(78, 80]",0,0,293,293,1
2017,Michigan,"(80, 82]",0,0,293,293,1
2017,Michigan,"(82, 84]",0,0,293,293,1
2017,Michigan,"(84, 86]",0,0,293,293,1
2017,Michigan,"(86, 88]",0,0,293,293,1
2017,Michigan,"(88, 90]",0,0,293,293,1
2017,Michigan,"(90, 92]",0,0,293,293,1
2017,Michigan,"(92, 94]",0,0,293,293,1
2017,Michigan,"(94, 96]",0,0,293,293,1
2017,Michigan,"(96, 98]",0,0,293,293,1
2017,Michigan State,"(-22, -20]",0,0,0,331,0
2017,Michigan State,"(-20, -18]",0,0,0,331,0
2017,Michigan State,"(-18, -16]",0,0,0,331,0
2017,Michigan State,"(-16, -14]",0,0,0,331,0
2017,Michigan State,"(-14, -12]",0,0,0,331,0
2017,Michigan State,"(-12, -10]",0,0,0,331,0
2017,Michigan State,"(-10, -8]",0,0,0,331,0
2017,Michigan State,"(-8, -6]",0,0,0,331,0
2017,Michigan State,"(-6, -4]",2,0.006042296,2,331,0.006042296
2017,Michigan State,"(-4, -2]",9,0.027190332,11,331,0.033232628
2017,Michigan State,"(-2, 0]",55,0.166163142,66,331,0.19939577
2017,Michigan State,"(0, 2]",67,0.202416918,133,331,0.401812689
2017,Michigan State,"(2, 4]",99,0.299093656,232,331,0.700906344
2017,Michigan State,"(4, 6]",42,0.126888218,274,331,0.827794562
2017,Michigan State,"(6, 8]",18,0.054380665,292,331,0.882175227
2017,Michigan State,"(8, 10]",16,0.048338369,308,331,0.930513595
2017,Michigan State,"(10, 12]",5,0.01510574,313,331,0.945619335
2017,Michigan State,"(12, 14]",4,0.012084592,317,331,0.957703927
2017,Michigan State,"(14, 16]",3,0.009063444,320,331,0.966767372
2017,Michigan State,"(16, 18]",3,0.009063444,323,331,0.975830816
2017,Michigan State,"(18, 20]",2,0.006042296,325,331,0.981873112
2017,Michigan State,"(20, 22]",1,0.003021148,326,331,0.98489426
2017,Michigan State,"(22, 24]",2,0.006042296,328,331,0.990936556
2017,Michigan State,"(24, 26]",0,0,328,331,0.990936556
2017,Michigan State,"(26, 28]",0,0,328,331,0.990936556
2017,Michigan State,"(28, 30]",0,0,328,331,0.990936556
2017,Michigan State,"(30, 32]",0,0,328,331,0.990936556
2017,Michigan State,"(32, 34]",1,0.003021148,329,331,0.993957704
2017,Michigan State,"(34, 36]",0,0,329,331,0.993957704
2017,Michigan State,"(36, 38]",0,0,329,331,0.993957704
2017,Michigan State,"(38, 40]",0,0,329,331,0.993957704
2017,Michigan State,"(40, 42]",0,0,329,331,0.993957704
2017,Michigan State,"(42, 44]",1,0.003021148,330,331,0.996978852
2017,Michigan State,"(44, 46]",0,0,330,331,0.996978852
2017,Michigan State,"(46, 48]",0,0,330,331,0.996978852
2017,Michigan State,"(48, 50]",1,0.003021148,331,331,1
2017,Michigan State,"(50, 52]",0,0,331,331,1
2017,Michigan State,"(52, 54]",0,0,331,331,1
2017,Michigan State,"(54, 56]",0,0,331,331,1
2017,Michigan State,"(56, 58]",0,0,331,331,1
2017,Michigan State,"(58, 60]",0,0,331,331,1
2017,Michigan State,"(60, 62]",0,0,331,331,1
2017,Michigan State,"(62, 64]",0,0,331,331,1
2017,Michigan State,"(64, 66]",0,0,331,331,1
2017,Michigan State,"(66, 68]",0,0,331,331,1
2017,Michigan State,"(68, 70]",0,0,331,331,1
2017,Michigan State,"(70, 72]",0,0,331,331,1
2017,Michigan State,"(72, 74]",0,0,331,331,1
2017,Michigan State,"(74, 76]",0,0,331,331,1
2017,Michigan State,"(76, 78]",0,0,331,331,1
2017,Michigan State,"(78, 80]",0,0,331,331,1
2017,Michigan State,"(80, 82]",0,0,331,331,1
2017,Michigan State,"(82, 84]",0,0,331,331,1
2017,Michigan State,"(84, 86]",0,0,331,331,1
2017,Michigan State,"(86, 88]",0,0,331,331,1
2017,Michigan State,"(88, 90]",0,0,331,331,1
2017,Michigan State,"(90, 92]",0,0,331,331,1
2017,Michigan State,"(92, 94]",0,0,331,331,1
2017,Michigan State,"(94, 96]",0,0,331,331,1
2017,Michigan State,"(96, 98]",0,0,331,331,1
2017,Ohio State,"(-22, -20]",0,0,0,334,0
2017,Ohio State,"(-20, -18]",0,0,0,334,0
2017,Ohio State,"(-18, -16]",0,0,0,334,0
2017,Ohio State,"(-16, -14]",0,0,0,334,0
2017,Ohio State,"(-14, -12]",0,0,0,334,0
2017,Ohio State,"(-12, -10]",0,0,0,334,0
2017,Ohio State,"(-10, -8]",0,0,0,334,0
2017,Ohio State,"(-8, -6]",1,0.002994012,1,334,0.002994012
2017,Ohio State,"(-6, -4]",0,0,1,334,0.002994012
2017,Ohio State,"(-4, -2]",4,0.011976048,5,334,0.01497006
2017,Ohio State,"(-2, 0]",26,0.077844311,31,334,0.092814371
2017,Ohio State,"(0, 2]",62,0.185628743,93,334,0.278443114
2017,Ohio State,"(2, 4]",85,0.254491018,178,334,0.532934132
2017,Ohio State,"(4, 6]",59,0.176646707,237,334,0.709580838
2017,Ohio State,"(6, 8]",30,0.089820359,267,334,0.799401198
2017,Ohio State,"(8, 10]",16,0.047904192,283,334,0.847305389
2017,Ohio State,"(10, 12]",15,0.04491018,298,334,0.892215569
2017,Ohio State,"(12, 14]",8,0.023952096,306,334,0.916167665
2017,Ohio State,"(14, 16]",3,0.008982036,309,334,0.925149701
2017,Ohio State,"(16, 18]",3,0.008982036,312,334,0.934131737
2017,Ohio State,"(18, 20]",0,0,312,334,0.934131737
2017,Ohio State,"(20, 22]",4,0.011976048,316,334,0.946107784
2017,Ohio State,"(22, 24]",2,0.005988024,318,334,0.952095808
2017,Ohio State,"(24, 26]",2,0.005988024,320,334,0.958083832
2017,Ohio State,"(26, 28]",1,0.002994012,321,334,0.961077844
2017,Ohio State,"(28, 30]",0,0,321,334,0.961077844
2017,Ohio State,"(30, 32]",0,0,321,334,0.961077844
2017,Ohio State,"(32, 34]",1,0.002994012,322,334,0.964071856
2017,Ohio State,"(34, 36]",5,0.01497006,327,334,0.979041916
2017,Ohio State,"(36, 38]",0,0,327,334,0.979041916
2017,Ohio State,"(38, 40]",0,0,327,334,0.979041916
2017,Ohio State,"(40, 42]",0,0,327,334,0.979041916
2017,Ohio State,"(42, 44]",1,0.002994012,328,334,0.982035928
2017,Ohio State,"(44, 46]",0,0,328,334,0.982035928
2017,Ohio State,"(46, 48]",1,0.002994012,329,334,0.98502994
2017,Ohio State,"(48, 50]",0,0,329,334,0.98502994
2017,Ohio State,"(50, 52]",2,0.005988024,331,334,0.991017964
2017,Ohio State,"(52, 54]",1,0.002994012,332,334,0.994011976
2017,Ohio State,"(54, 56]",0,0,332,334,0.994011976
2017,Ohio State,"(56, 58]",0,0,332,334,0.994011976
2017,Ohio State,"(58, 60]",0,0,332,334,0.994011976
2017,Ohio State,"(60, 62]",0,0,332,334,0.994011976
2017,Ohio State,"(62, 64]",0,0,332,334,0.994011976
2017,Ohio State,"(64, 66]",0,0,332,334,0.994011976
2017,Ohio State,"(66, 68]",0,0,332,334,0.994011976
2017,Ohio State,"(68, 70]",0,0,332,334,0.994011976
2017,Ohio State,"(70, 72]",0,0,332,334,0.994011976
2017,Ohio State,"(72, 74]",0,0,332,334,0.994011976
2017,Ohio State,"(74, 76]",0,0,332,334,0.994011976
2017,Ohio State,"(76, 78]",1,0.002994012,333,334,0.997005988
2017,Ohio State,"(78, 80]",0,0,333,334,0.997005988
2017,Ohio State,"(80, 82]",1,0.002994012,334,334,1
2017,Ohio State,"(82, 84]",0,0,334,334,1
2017,Ohio State,"(84, 86]",0,0,334,334,1
2017,Ohio State,"(86, 88]",0,0,334,334,1
2017,Ohio State,"(88, 90]",0,0,334,334,1
2017,Ohio State,"(90, 92]",0,0,334,334,1
2017,Ohio State,"(92, 94]",0,0,334,334,1
2017,Ohio State,"(94, 96]",0,0,334,334,1
2017,Ohio State,"(96, 98]",0,0,334,334,1
2017,Penn State,"(-22, -20]",0,0,0,232,0
2017,Penn State,"(-20, -18]",0,0,0,232,0
2017,Penn State,"(-18, -16]",0,0,0,232,0
2017,Penn State,"(-16, -14]",0,0,0,232,0
2017,Penn State,"(-14, -12]",0,0,0,232,0
2017,Penn State,"(-12, -10]",0,0,0,232,0
2017,Penn State,"(-10, -8]",0,0,0,232,0
2017,Penn State,"(-8, -6]",7,0.030172414,7,232,0.030172414
2017,Penn State,"(-6, -4]",12,0.051724138,19,232,0.081896552
2017,Penn State,"(-4, -2]",16,0.068965517,35,232,0.150862069
2017,Penn State,"(-2, 0]",17,0.073275862,52,232,0.224137931
2017,Penn State,"(0, 2]",48,0.206896552,100,232,0.431034483
2017,Penn State,"(2, 4]",38,0.163793103,138,232,0.594827586
2017,Penn State,"(4, 6]",30,0.129310345,168,232,0.724137931
2017,Penn State,"(6, 8]",25,0.107758621,193,232,0.831896552
2017,Penn State,"(8, 10]",7,0.030172414,200,232,0.862068966
2017,Penn State,"(10, 12]",8,0.034482759,208,232,0.896551724
2017,Penn State,"(12, 14]",1,0.004310345,209,232,0.900862069
2017,Penn State,"(14, 16]",6,0.025862069,215,232,0.926724138
2017,Penn State,"(16, 18]",2,0.00862069,217,232,0.935344828
2017,Penn State,"(18, 20]",0,0,217,232,0.935344828
2017,Penn State,"(20, 22]",1,0.004310345,218,232,0.939655172
2017,Penn State,"(22, 24]",0,0,218,232,0.939655172
2017,Penn State,"(24, 26]",2,0.00862069,220,232,0.948275862
2017,Penn State,"(26, 28]",0,0,220,232,0.948275862
2017,Penn State,"(28, 30]",3,0.012931034,223,232,0.961206897
2017,Penn State,"(30, 32]",1,0.004310345,224,232,0.965517241
2017,Penn State,"(32, 34]",1,0.004310345,225,232,0.969827586
2017,Penn State,"(34, 36]",2,0.00862069,227,232,0.978448276
2017,Penn State,"(36, 38]",0,0,227,232,0.978448276
2017,Penn State,"(38, 40]",0,0,227,232,0.978448276
2017,Penn State,"(40, 42]",0,0,227,232,0.978448276
2017,Penn State,"(42, 44]",1,0.004310345,228,232,0.982758621
2017,Penn State,"(44, 46]",0,0,228,232,0.982758621
2017,Penn State,"(46, 48]",0,0,228,232,0.982758621
2017,Penn State,"(48, 50]",0,0,228,232,0.982758621
2017,Penn State,"(50, 52]",0,0,228,232,0.982758621
2017,Penn State,"(52, 54]",1,0.004310345,229,232,0.987068966
2017,Penn State,"(54, 56]",0,0,229,232,0.987068966
2017,Penn State,"(56, 58]",0,0,229,232,0.987068966
2017,Penn State,"(58, 60]",0,0,229,232,0.987068966
2017,Penn State,"(60, 62]",0,0,229,232,0.987068966
2017,Penn State,"(62, 64]",0,0,229,232,0.987068966
2017,Penn State,"(64, 66]",1,0.004310345,230,232,0.99137931
2017,Penn State,"(66, 68]",0,0,230,232,0.99137931
2017,Penn State,"(68, 70]",1,0.004310345,231,232,0.995689655
2017,Penn State,"(70, 72]",0,0,231,232,0.995689655
2017,Penn State,"(72, 74]",0,0,231,232,0.995689655
2017,Penn State,"(74, 76]",0,0,231,232,0.995689655
2017,Penn State,"(76, 78]",0,0,231,232,0.995689655
2017,Penn State,"(78, 80]",1,0.004310345,232,232,1
2017,Penn State,"(80, 82]",0,0,232,232,1
2017,Penn State,"(82, 84]",0,0,232,232,1
2017,Penn State,"(84, 86]",0,0,232,232,1
2017,Penn State,"(86, 88]",0,0,232,232,1
2017,Penn State,"(88, 90]",0,0,232,232,1
2017,Penn State,"(90, 92]",0,0,232,232,1
2017,Penn State,"(92, 94]",0,0,232,232,1
2017,Penn State,"(94, 96]",0,0,232,232,1
2017,Penn State,"(96, 98]",0,0,232,232,1
2017,Wisconsin,"(-22, -20]",0,0,0,510,0
2017,Wisconsin,"(-20, -18]",0,0,0,510,0
2017,Wisconsin,"(-18, -16]",0,0,0,510,0
2017,Wisconsin,"(-16, -14]",0,0,0,510,0
2017,Wisconsin,"(-14, -12]",0,0,0,510,0
2017,Wisconsin,"(-12, -10]",0,0,0,510,0
2017,Wisconsin,"(-10, -8]",0,0,0,510,0
2017,Wisconsin,"(-8, -6]",0,0,0,510,0
2017,Wisconsin,"(-6, -4]",4,0.007843137,4,510,0.007843137
2017,Wisconsin,"(-4, -2]",12,0.023529412,16,510,0.031372549
2017,Wisconsin,"(-2, 0]",57,0.111764706,73,510,0.143137255
2017,Wisconsin,"(0, 2]",112,0.219607843,185,510,0.362745098
2017,Wisconsin,"(2, 4]",106,0.207843137,291,510,0.570588235
2017,Wisconsin,"(4, 6]",82,0.160784314,373,510,0.731372549
2017,Wisconsin,"(6, 8]",40,0.078431373,413,510,0.809803922
2017,Wisconsin,"(8, 10]",24,0.047058824,437,510,0.856862745
2017,Wisconsin,"(10, 12]",25,0.049019608,462,510,0.905882353
2017,Wisconsin,"(12, 14]",11,0.021568627,473,510,0.92745098
2017,Wisconsin,"(14, 16]",6,0.011764706,479,510,0.939215686
2017,Wisconsin,"(16, 18]",6,0.011764706,485,510,0.950980392
2017,Wisconsin,"(18, 20]",3,0.005882353,488,510,0.956862745
2017,Wisconsin,"(20, 22]",2,0.003921569,490,510,0.960784314
2017,Wisconsin,"(22, 24]",3,0.005882353,493,510,0.966666667
2017,Wisconsin,"(24, 26]",2,0.003921569,495,510,0.970588235
2017,Wisconsin,"(26, 28]",2,0.003921569,497,510,0.974509804
2017,Wisconsin,"(28, 30]",4,0.007843137,501,510,0.982352941
2017,Wisconsin,"(30, 32]",1,0.001960784,502,510,0.984313725
2017,Wisconsin,"(32, 34]",0,0,502,510,0.984313725
2017,Wisconsin,"(34, 36]",0,0,502,510,0.984313725
2017,Wisconsin,"(36, 38]",0,0,502,510,0.984313725
2017,Wisconsin,"(38, 40]",0,0,502,510,0.984313725
2017,Wisconsin,"(40, 42]",2,0.003921569,504,510,0.988235294
2017,Wisconsin,"(42, 44]",0,0,504,510,0.988235294
2017,Wisconsin,"(44, 46]",1,0.001960784,505,510,0.990196078
2017,Wisconsin,"(46, 48]",0,0,505,510,0.990196078
2017,Wisconsin,"(48, 50]",0,0,505,510,0.990196078
2017,Wisconsin,"(50, 52]",1,0.001960784,506,510,0.992156863
2017,Wisconsin,"(52, 54]",1,0.001960784,507,510,0.994117647
2017,Wisconsin,"(54, 56]",0,0,507,510,0.994117647
2017,Wisconsin,"(56, 58]",0,0,507,510,0.994117647
2017,Wisconsin,"(58, 60]",0,0,507,510,0.994117647
2017,Wisconsin,"(60, 62]",0,0,507,510,0.994117647
2017,Wisconsin,"(62, 64]",1,0.001960784,508,510,0.996078431
2017,Wisconsin,"(64, 66]",0,0,508,510,0.996078431
2017,Wisconsin,"(66, 68]",1,0.001960784,509,510,0.998039216
2017,Wisconsin,"(68, 70]",0,0,509,510,0.998039216
2017,Wisconsin,"(70, 72]",0,0,509,510,0.998039216
2017,Wisconsin,"(72, 74]",0,0,509,510,0.998039216
2017,Wisconsin,"(74, 76]",1,0.001960784,510,510,1
2017,Wisconsin,"(76, 78]",0,0,510,510,1
2017,Wisconsin,"(78, 80]",0,0,510,510,1
2017,Wisconsin,"(80, 82]",0,0,510,510,1
2017,Wisconsin,"(82, 84]",0,0,510,510,1
2017,Wisconsin,"(84, 86]",0,0,510,510,1
2017,Wisconsin,"(86, 88]",0,0,510,510,1
2017,Wisconsin,"(88, 90]",0,0,510,510,1
2017,Wisconsin,"(90, 92]",0,0,510,510,1
2017,Wisconsin,"(92, 94]",0,0,510,510,1
2017,Wisconsin,"(94, 96]",0,0,510,510,1
2017,Wisconsin,"(96, 98]",0,0,510,510,1
2018,Iowa,"(-22, -20]",0,0,0,392,0
2018,Iowa,"(-20, -18]",0,0,0,392,0
2018,Iowa,"(-18, -16]",0,0,0,392,0
2018,Iowa,"(-16, -14]",0,0,0,392,0
2018,Iowa,"(-14, -12]",0,0,0,392,0
2018,Iowa,"(-12, -10]",0,0,0,392,0
2018,Iowa,"(-10, -8]",0,0,0,392,0
2018,Iowa,"(-8, -6]",0,0,0,392,0
2018,Iowa,"(-6, -4]",5,0.012755102,5,392,0.012755102
2018,Iowa,"(-4, -2]",13,0.033163265,18,392,0.045918367
2018,Iowa,"(-2, 0]",33,0.084183673,51,392,0.130102041
2018,Iowa,"(0, 2]",106,0.270408163,157,392,0.400510204
2018,Iowa,"(2, 4]",88,0.224489796,245,392,0.625
2018,Iowa,"(4, 6]",55,0.140306122,300,392,0.765306122
2018,Iowa,"(6, 8]",33,0.084183673,333,392,0.849489796
2018,Iowa,"(8, 10]",21,0.053571429,354,392,0.903061224
2018,Iowa,"(10, 12]",15,0.038265306,369,392,0.941326531
2018,Iowa,"(12, 14]",6,0.015306122,375,392,0.956632653
2018,Iowa,"(14, 16]",5,0.012755102,380,392,0.969387755
2018,Iowa,"(16, 18]",4,0.010204082,384,392,0.979591837
2018,Iowa,"(18, 20]",3,0.007653061,387,392,0.987244898
2018,Iowa,"(20, 22]",0,0,387,392,0.987244898
2018,Iowa,"(22, 24]",2,0.005102041,389,392,0.992346939
2018,Iowa,"(24, 26]",0,0,389,392,0.992346939
2018,Iowa,"(26, 28]",0,0,389,392,0.992346939
2018,Iowa,"(28, 30]",1,0.00255102,390,392,0.994897959
2018,Iowa,"(30, 32]",1,0.00255102,391,392,0.99744898
2018,Iowa,"(32, 34]",0,0,391,392,0.99744898
2018,Iowa,"(34, 36]",0,0,391,392,0.99744898
2018,Iowa,"(36, 38]",0,0,391,392,0.99744898
2018,Iowa,"(38, 40]",1,0.00255102,392,392,1
2018,Iowa,"(40, 42]",0,0,392,392,1
2018,Iowa,"(42, 44]",0,0,392,392,1
2018,Iowa,"(44, 46]",0,0,392,392,1
2018,Iowa,"(46, 48]",0,0,392,392,1
2018,Iowa,"(48, 50]",0,0,392,392,1
2018,Iowa,"(50, 52]",0,0,392,392,1
2018,Iowa,"(52, 54]",0,0,392,392,1
2018,Iowa,"(54, 56]",0,0,392,392,1
2018,Iowa,"(56, 58]",0,0,392,392,1
2018,Iowa,"(58, 60]",0,0,392,392,1
2018,Iowa,"(60, 62]",0,0,392,392,1
2018,Iowa,"(62, 64]",0,0,392,392,1
2018,Iowa,"(64, 66]",0,0,392,392,1
2018,Iowa,"(66, 68]",0,0,392,392,1
2018,Iowa,"(68, 70]",0,0,392,392,1
2018,Iowa,"(70, 72]",0,0,392,392,1
2018,Iowa,"(72, 74]",0,0,392,392,1
2018,Iowa,"(74, 76]",0,0,392,392,1
2018,Iowa,"(76, 78]",0,0,392,392,1
2018,Iowa,"(78, 80]",0,0,392,392,1
2018,Iowa,"(80, 82]",0,0,392,392,1
2018,Iowa,"(82, 84]",0,0,392,392,1
2018,Iowa,"(84, 86]",0,0,392,392,1
2018,Iowa,"(86, 88]",0,0,392,392,1
2018,Iowa,"(88, 90]",0,0,392,392,1
2018,Iowa,"(90, 92]",0,0,392,392,1
2018,Iowa,"(92, 94]",0,0,392,392,1
2018,Iowa,"(94, 96]",0,0,392,392,1
2018,Iowa,"(96, 98]",0,0,392,392,1
2018,Michigan,"(-22, -20]",0,0,0,383,0
2018,Michigan,"(-20, -18]",0,0,0,383,0
2018,Michigan,"(-18, -16]",0,0,0,383,0
2018,Michigan,"(-16, -14]",0,0,0,383,0
2018,Michigan,"(-14, -12]",0,0,0,383,0
2018,Michigan,"(-12, -10]",0,0,0,383,0
2018,Michigan,"(-10, -8]",0,0,0,383,0
2018,Michigan,"(-8, -6]",0,0,0,383,0
2018,Michigan,"(-6, -4]",3,0.007832898,3,383,0.007832898
2018,Michigan,"(-4, -2]",14,0.036553525,17,383,0.044386423
2018,Michigan,"(-2, 0]",39,0.101827676,56,383,0.146214099
2018,Michigan,"(0, 2]",91,0.237597911,147,383,0.38381201
2018,Michigan,"(2, 4]",99,0.25848564,246,383,0.64229765
2018,Michigan,"(4, 6]",49,0.127937337,295,383,0.770234987
2018,Michigan,"(6, 8]",29,0.075718016,324,383,0.845953003
2018,Michigan,"(8, 10]",16,0.041775457,340,383,0.88772846
2018,Michigan,"(10, 12]",6,0.015665796,346,383,0.903394256
2018,Michigan,"(12, 14]",7,0.018276762,353,383,0.921671018
2018,Michigan,"(14, 16]",4,0.010443864,357,383,0.932114883
2018,Michigan,"(16, 18]",6,0.015665796,363,383,0.947780679
2018,Michigan,"(18, 20]",3,0.007832898,366,383,0.955613577
2018,Michigan,"(20, 22]",0,0,366,383,0.955613577
2018,Michigan,"(22, 24]",1,0.002610966,367,383,0.958224543
2018,Michigan,"(24, 26]",3,0.007832898,370,383,0.966057441
2018,Michigan,"(26, 28]",3,0.007832898,373,383,0.973890339
2018,Michigan,"(28, 30]",1,0.002610966,374,383,0.976501305
2018,Michigan,"(30, 32]",1,0.002610966,375,383,0.979112272
2018,Michigan,"(32, 34]",0,0,375,383,0.979112272
2018,Michigan,"(34, 36]",1,0.002610966,376,383,0.981723238
2018,Michigan,"(36, 38]",1,0.002610966,377,383,0.984334204
2018,Michigan,"(38, 40]",0,0,377,383,0.984334204
2018,Michigan,"(40, 42]",0,0,377,383,0.984334204
2018,Michigan,"(42, 44]",2,0.005221932,379,383,0.989556136
2018,Michigan,"(44, 46]",1,0.002610966,380,383,0.992167102
2018,Michigan,"(46, 48]",0,0,380,383,0.992167102
2018,Michigan,"(48, 50]",1,0.002610966,381,383,0.994778068
2018,Michigan,"(50, 52]",0,0,381,383,0.994778068
2018,Michigan,"(52, 54]",0,0,381,383,0.994778068
2018,Michigan,"(54, 56]",0,0,381,383,0.994778068
2018,Michigan,"(56, 58]",0,0,381,383,0.994778068
2018,Michigan,"(58, 60]",0,0,381,383,0.994778068
2018,Michigan,"(60, 62]",1,0.002610966,382,383,0.997389034
2018,Michigan,"(62, 64]",0,0,382,383,0.997389034
2018,Michigan,"(64, 66]",0,0,382,383,0.997389034
2018,Michigan,"(66, 68]",1,0.002610966,383,383,1
2018,Michigan,"(68, 70]",0,0,383,383,1
2018,Michigan,"(70, 72]",0,0,383,383,1
2018,Michigan,"(72, 74]",0,0,383,383,1
2018,Michigan,"(74, 76]",0,0,383,383,1
2018,Michigan,"(76, 78]",0,0,383,383,1
2018,Michigan,"(78, 80]",0,0,383,383,1
2018,Michigan,"(80, 82]",0,0,383,383,1
2018,Michigan,"(82, 84]",0,0,383,383,1
2018,Michigan,"(84, 86]",0,0,383,383,1
2018,Michigan,"(86, 88]",0,0,383,383,1
2018,Michigan,"(88, 90]",0,0,383,383,1
2018,Michigan,"(90, 92]",0,0,383,383,1
2018,Michigan,"(92, 94]",0,0,383,383,1
2018,Michigan,"(94, 96]",0,0,383,383,1
2018,Michigan,"(96, 98]",0,0,383,383,1
2018,Michigan State,"(-22, -20]",0,0,0,263,0
2018,Michigan State,"(-20, -18]",0,0,0,263,0
2018,Michigan State,"(-18, -16]",0,0,0,263,0
2018,Michigan State,"(-16, -14]",0,0,0,263,0
2018,Michigan State,"(-14, -12]",0,0,0,263,0
2018,Michigan State,"(-12, -10]",0,0,0,263,0
2018,Michigan State,"(-10, -8]",0,0,0,263,0
2018,Michigan State,"(-8, -6]",0,0,0,263,0
2018,Michigan State,"(-6, -4]",2,0.007604563,2,263,0.007604563
2018,Michigan State,"(-4, -2]",10,0.038022814,12,263,0.045627376
2018,Michigan State,"(-2, 0]",30,0.114068441,42,263,0.159695817
2018,Michigan State,"(0, 2]",69,0.262357414,111,263,0.422053232
2018,Michigan State,"(2, 4]",81,0.307984791,192,263,0.730038023
2018,Michigan State,"(4, 6]",38,0.144486692,230,263,0.874524715
2018,Michigan State,"(6, 8]",12,0.045627376,242,263,0.920152091
2018,Michigan State,"(8, 10]",10,0.038022814,252,263,0.958174905
2018,Michigan State,"(10, 12]",1,0.003802281,253,263,0.961977186
2018,Michigan State,"(12, 14]",2,0.007604563,255,263,0.969581749
2018,Michigan State,"(14, 16]",1,0.003802281,256,263,0.97338403
2018,Michigan State,"(16, 18]",2,0.007604563,258,263,0.980988593
2018,Michigan State,"(18, 20]",0,0,258,263,0.980988593
2018,Michigan State,"(20, 22]",0,0,258,263,0.980988593
2018,Michigan State,"(22, 24]",0,0,258,263,0.980988593
2018,Michigan State,"(24, 26]",2,0.007604563,260,263,0.988593156
2018,Michigan State,"(26, 28]",2,0.007604563,262,263,0.996197719
2018,Michigan State,"(28, 30]",0,0,262,263,0.996197719
2018,Michigan State,"(30, 32]",0,0,262,263,0.996197719
2018,Michigan State,"(32, 34]",0,0,262,263,0.996197719
2018,Michigan State,"(34, 36]",0,0,262,263,0.996197719
2018,Michigan State,"(36, 38]",0,0,262,263,0.996197719
2018,Michigan State,"(38, 40]",0,0,262,263,0.996197719
2018,Michigan State,"(40, 42]",0,0,262,263,0.996197719
2018,Michigan State,"(42, 44]",0,0,262,263,0.996197719
2018,Michigan State,"(44, 46]",0,0,262,263,0.996197719
2018,Michigan State,"(46, 48]",0,0,262,263,0.996197719
2018,Michigan State,"(48, 50]",0,0,262,263,0.996197719
2018,Michigan State,"(50, 52]",0,0,262,263,0.996197719
2018,Michigan State,"(52, 54]",0,0,262,263,0.996197719
2018,Michigan State,"(54, 56]",0,0,262,263,0.996197719
2018,Michigan State,"(56, 58]",0,0,262,263,0.996197719
2018,Michigan State,"(58, 60]",0,0,262,263,0.996197719
2018,Michigan State,"(60, 62]",0,0,262,263,0.996197719
2018,Michigan State,"(62, 64]",0,0,262,263,0.996197719
2018,Michigan State,"(64, 66]",0,0,262,263,0.996197719
2018,Michigan State,"(66, 68]",0,0,262,263,0.996197719
2018,Michigan State,"(68, 70]",0,0,262,263,0.996197719
2018,Michigan State,"(70, 72]",0,0,262,263,0.996197719
2018,Michigan State,"(72, 74]",0,0,262,263,0.996197719
2018,Michigan State,"(74, 76]",0,0,262,263,0.996197719
2018,Michigan State,"(76, 78]",0,0,262,263,0.996197719
2018,Michigan State,"(78, 80]",1,0.003802281,263,263,1
2018,Michigan State,"(80, 82]",0,0,263,263,1
2018,Michigan State,"(82, 84]",0,0,263,263,1
2018,Michigan State,"(84, 86]",0,0,263,263,1
2018,Michigan State,"(86, 88]",0,0,263,263,1
2018,Michigan State,"(88, 90]",0,0,263,263,1
2018,Michigan State,"(90, 92]",0,0,263,263,1
2018,Michigan State,"(92, 94]",0,0,263,263,1
2018,Michigan State,"(94, 96]",0,0,263,263,1
2018,Michigan State,"(96, 98]",0,0,263,263,1
2018,Ohio State,"(-22, -20]",0,0,0,403,0
2018,Ohio State,"(-20, -18]",0,0,0,403,0
2018,Ohio State,"(-18, -16]",0,0,0,403,0
2018,Ohio State,"(-16, -14]",0,0,0,403,0
2018,Ohio State,"(-14, -12]",0,0,0,403,0
2018,Ohio State,"(-12, -10]",0,0,0,403,0
2018,Ohio State,"(-10, -8]",0,0,0,403,0
2018,Ohio State,"(-8, -6]",0,0,0,403,0
2018,Ohio State,"(-6, -4]",5,0.012406948,5,403,0.012406948
2018,Ohio State,"(-4, -2]",12,0.029776675,17,403,0.042183623
2018,Ohio State,"(-2, 0]",38,0.094292804,55,403,0.136476427
2018,Ohio State,"(0, 2]",81,0.200992556,136,403,0.337468983
2018,Ohio State,"(2, 4]",97,0.240694789,233,403,0.578163772
2018,Ohio State,"(4, 6]",68,0.168734491,301,403,0.746898263
2018,Ohio State,"(6, 8]",34,0.084367246,335,403,0.831265509
2018,Ohio State,"(8, 10]",23,0.05707196,358,403,0.888337469
2018,Ohio State,"(10, 12]",20,0.049627792,378,403,0.937965261
2018,Ohio State,"(12, 14]",5,0.012406948,383,403,0.950372208
2018,Ohio State,"(14, 16]",3,0.007444169,386,403,0.957816377
2018,Ohio State,"(16, 18]",4,0.009925558,390,403,0.967741935
2018,Ohio State,"(18, 20]",2,0.004962779,392,403,0.972704715
2018,Ohio State,"(20, 22]",3,0.007444169,395,403,0.980148883
2018,Ohio State,"(22, 24]",1,0.00248139,396,403,0.982630273
2018,Ohio State,"(24, 26]",0,0,396,403,0.982630273
2018,Ohio State,"(26, 28]",2,0.004962779,398,403,0.987593052
2018,Ohio State,"(28, 30]",1,0.00248139,399,403,0.990074442
2018,Ohio State,"(30, 32]",0,0,399,403,0.990074442
2018,Ohio State,"(32, 34]",1,0.00248139,400,403,0.992555831
2018,Ohio State,"(34, 36]",0,0,400,403,0.992555831
2018,Ohio State,"(36, 38]",1,0.00248139,401,403,0.995037221
2018,Ohio State,"(38, 40]",0,0,401,403,0.995037221
2018,Ohio State,"(40, 42]",1,0.00248139,402,403,0.99751861
2018,Ohio State,"(42, 44]",0,0,402,403,0.99751861
2018,Ohio State,"(44, 46]",0,0,402,403,0.99751861
2018,Ohio State,"(46, 48]",0,0,402,403,0.99751861
2018,Ohio State,"(48, 50]",1,0.00248139,403,403,1
2018,Ohio State,"(50, 52]",0,0,403,403,1
2018,Ohio State,"(52, 54]",0,0,403,403,1
2018,Ohio State,"(54, 56]",0,0,403,403,1
2018,Ohio State,"(56, 58]",0,0,403,403,1
2018,Ohio State,"(58, 60]",0,0,403,403,1
2018,Ohio State,"(60, 62]",0,0,403,403,1
2018,Ohio State,"(62, 64]",0,0,403,403,1
2018,Ohio State,"(64, 66]",0,0,403,403,1
2018,Ohio State,"(66, 68]",0,0,403,403,1
2018,Ohio State,"(68, 70]",0,0,403,403,1
2018,Ohio State,"(70, 72]",0,0,403,403,1
2018,Ohio State,"(72, 74]",0,0,403,403,1
2018,Ohio State,"(74, 76]",0,0,403,403,1
2018,Ohio State,"(76, 78]",0,0,403,403,1
2018,Ohio State,"(78, 80]",0,0,403,403,1
2018,Ohio State,"(80, 82]",0,0,403,403,1
2018,Ohio State,"(82, 84]",0,0,403,403,1
2018,Ohio State,"(84, 86]",0,0,403,403,1
2018,Ohio State,"(86, 88]",0,0,403,403,1
2018,Ohio State,"(88, 90]",0,0,403,403,1
2018,Ohio State,"(90, 92]",0,0,403,403,1
2018,Ohio State,"(92, 94]",0,0,403,403,1
2018,Ohio State,"(94, 96]",0,0,403,403,1
2018,Ohio State,"(96, 98]",0,0,403,403,1
2018,Penn State,"(-22, -20]",0,0,0,269,0
2018,Penn State,"(-20, -18]",0,0,0,269,0
2018,Penn State,"(-18, -16]",0,0,0,269,0
2018,Penn State,"(-16, -14]",0,0,0,269,0
2018,Penn State,"(-14, -12]",0,0,0,269,0
2018,Penn State,"(-12, -10]",0,0,0,269,0
2018,Penn State,"(-10, -8]",0,0,0,269,0
2018,Penn State,"(-8, -6]",3,0.011152416,3,269,0.011152416
2018,Penn State,"(-6, -4]",1,0.003717472,4,269,0.014869888
2018,Penn State,"(-4, -2]",8,0.029739777,12,269,0.044609665
2018,Penn State,"(-2, 0]",34,0.126394052,46,269,0.171003717
2018,Penn State,"(0, 2]",46,0.171003717,92,269,0.342007435
2018,Penn State,"(2, 4]",62,0.230483271,154,269,0.572490706
2018,Penn State,"(4, 6]",37,0.137546468,191,269,0.710037175
2018,Penn State,"(6, 8]",28,0.104089219,219,269,0.814126394
2018,Penn State,"(8, 10]",13,0.048327138,232,269,0.862453532
2018,Penn State,"(10, 12]",14,0.05204461,246,269,0.914498141
2018,Penn State,"(12, 14]",5,0.018587361,251,269,0.933085502
2018,Penn State,"(14, 16]",3,0.011152416,254,269,0.944237918
2018,Penn State,"(16, 18]",1,0.003717472,255,269,0.94795539
2018,Penn State,"(18, 20]",3,0.011152416,258,269,0.959107807
2018,Penn State,"(20, 22]",1,0.003717472,259,269,0.962825279
2018,Penn State,"(22, 24]",1,0.003717472,260,269,0.966542751
2018,Penn State,"(24, 26]",0,0,260,269,0.966542751
2018,Penn State,"(26, 28]",1,0.003717472,261,269,0.970260223
2018,Penn State,"(28, 30]",1,0.003717472,262,269,0.973977695
2018,Penn State,"(30, 32]",1,0.003717472,263,269,0.977695167
2018,Penn State,"(32, 34]",0,0,263,269,0.977695167
2018,Penn State,"(34, 36]",1,0.003717472,264,269,0.981412639
2018,Penn State,"(36, 38]",0,0,264,269,0.981412639
2018,Penn State,"(38, 40]",0,0,264,269,0.981412639
2018,Penn State,"(40, 42]",1,0.003717472,265,269,0.985130112
2018,Penn State,"(42, 44]",0,0,265,269,0.985130112
2018,Penn State,"(44, 46]",0,0,265,269,0.985130112
2018,Penn State,"(46, 48]",2,0.007434944,267,269,0.992565056
2018,Penn State,"(48, 50]",0,0,267,269,0.992565056
2018,Penn State,"(50, 52]",0,0,267,269,0.992565056
2018,Penn State,"(52, 54]",0,0,267,269,0.992565056
2018,Penn State,"(54, 56]",0,0,267,269,0.992565056
2018,Penn State,"(56, 58]",0,0,267,269,0.992565056
2018,Penn State,"(58, 60]",0,0,267,269,0.992565056
2018,Penn State,"(60, 62]",1,0.003717472,268,269,0.996282528
2018,Penn State,"(62, 64]",0,0,268,269,0.996282528
2018,Penn State,"(64, 66]",0,0,268,269,0.996282528
2018,Penn State,"(66, 68]",0,0,268,269,0.996282528
2018,Penn State,"(68, 70]",0,0,268,269,0.996282528
2018,Penn State,"(70, 72]",0,0,268,269,0.996282528
2018,Penn State,"(72, 74]",0,0,268,269,0.996282528
2018,Penn State,"(74, 76]",0,0,268,269,0.996282528
2018,Penn State,"(76, 78]",1,0.003717472,269,269,1
2018,Penn State,"(78, 80]",0,0,269,269,1
2018,Penn State,"(80, 82]",0,0,269,269,1
2018,Penn State,"(82, 84]",0,0,269,269,1
2018,Penn State,"(84, 86]",0,0,269,269,1
2018,Penn State,"(86, 88]",0,0,269,269,1
2018,Penn State,"(88, 90]",0,0,269,269,1
2018,Penn State,"(90, 92]",0,0,269,269,1
2018,Penn State,"(92, 94]",0,0,269,269,1
2018,Penn State,"(94, 96]",0,0,269,269,1
2018,Penn State,"(96, 98]",0,0,269,269,1
2018,Wisconsin,"(-22, -20]",0,0,0,404,0
2018,Wisconsin,"(-20, -18]",0,0,0,404,0
2018,Wisconsin,"(-18, -16]",0,0,0,404,0
2018,Wisconsin,"(-16, -14]",0,0,0,404,0
2018,Wisconsin,"(-14, -12]",0,0,0,404,0
2018,Wisconsin,"(-12, -10]",0,0,0,404,0
2018,Wisconsin,"(-10, -8]",0,0,0,404,0
2018,Wisconsin,"(-8, -6]",1,0.002475248,1,404,0.002475248
2018,Wisconsin,"(-6, -4]",1,0.002475248,2,404,0.004950495
2018,Wisconsin,"(-4, -2]",5,0.012376238,7,404,0.017326733
2018,Wisconsin,"(-2, 0]",27,0.066831683,34,404,0.084158416
2018,Wisconsin,"(0, 2]",62,0.153465347,96,404,0.237623762
2018,Wisconsin,"(2, 4]",87,0.215346535,183,404,0.452970297
2018,Wisconsin,"(4, 6]",89,0.22029703,272,404,0.673267327
2018,Wisconsin,"(6, 8]",45,0.111386139,317,404,0.784653465
2018,Wisconsin,"(8, 10]",21,0.051980198,338,404,0.836633663
2018,Wisconsin,"(10, 12]",15,0.037128713,353,404,0.873762376
2018,Wisconsin,"(12, 14]",10,0.024752475,363,404,0.898514851
2018,Wisconsin,"(14, 16]",11,0.027227723,374,404,0.925742574
2018,Wisconsin,"(16, 18]",9,0.022277228,383,404,0.948019802
2018,Wisconsin,"(18, 20]",6,0.014851485,389,404,0.962871287
2018,Wisconsin,"(20, 22]",3,0.007425743,392,404,0.97029703
2018,Wisconsin,"(22, 24]",2,0.004950495,394,404,0.975247525
2018,Wisconsin,"(24, 26]",0,0,394,404,0.975247525
2018,Wisconsin,"(26, 28]",0,0,394,404,0.975247525
2018,Wisconsin,"(28, 30]",2,0.004950495,396,404,0.98019802
2018,Wisconsin,"(30, 32]",1,0.002475248,397,404,0.982673267
2018,Wisconsin,"(32, 34]",0,0,397,404,0.982673267
2018,Wisconsin,"(34, 36]",1,0.002475248,398,404,0.985148515
2018,Wisconsin,"(36, 38]",1,0.002475248,399,404,0.987623762
2018,Wisconsin,"(38, 40]",1,0.002475248,400,404,0.99009901
2018,Wisconsin,"(40, 42]",0,0,400,404,0.99009901
2018,Wisconsin,"(42, 44]",1,0.002475248,401,404,0.992574257
2018,Wisconsin,"(44, 46]",0,0,401,404,0.992574257
2018,Wisconsin,"(46, 48]",1,0.002475248,402,404,0.995049505
2018,Wisconsin,"(48, 50]",0,0,402,404,0.995049505
2018,Wisconsin,"(50, 52]",0,0,402,404,0.995049505
2018,Wisconsin,"(52, 54]",0,0,402,404,0.995049505
2018,Wisconsin,"(54, 56]",0,0,402,404,0.995049505
2018,Wisconsin,"(56, 58]",0,0,402,404,0.995049505
2018,Wisconsin,"(58, 60]",0,0,402,404,0.995049505
2018,Wisconsin,"(60, 62]",0,0,402,404,0.995049505
2018,Wisconsin,"(62, 64]",0,0,402,404,0.995049505
2018,Wisconsin,"(64, 66]",0,0,402,404,0.995049505
2018,Wisconsin,"(66, 68]",0,0,402,404,0.995049505
2018,Wisconsin,"(68, 70]",0,0,402,404,0.995049505
2018,Wisconsin,"(70, 72]",0,0,402,404,0.995049505
2018,Wisconsin,"(72, 74]",0,0,402,404,0.995049505
2018,Wisconsin,"(74, 76]",0,0,402,404,0.995049505
2018,Wisconsin,"(76, 78]",0,0,402,404,0.995049505
2018,Wisconsin,"(78, 80]",1,0.002475248,403,404,0.997524752
2018,Wisconsin,"(80, 82]",0,0,403,404,0.997524752
2018,Wisconsin,"(82, 84]",0,0,403,404,0.997524752
2018,Wisconsin,"(84, 86]",0,0,403,404,0.997524752
2018,Wisconsin,"(86, 88]",1,0.002475248,404,404,1
2018,Wisconsin,"(88, 90]",0,0,404,404,1
2018,Wisconsin,"(90, 92]",0,0,404,404,1
2018,Wisconsin,"(92, 94]",0,0,404,404,1
2018,Wisconsin,"(94, 96]",0,0,404,404,1
2018,Wisconsin,"(96, 98]",0,0,404,404,1
2019,Iowa,"(-22, -20]",0,0,0,310,0
2019,Iowa,"(-20, -18]",0,0,0,310,0
2019,Iowa,"(-18, -16]",0,0,0,310,0
2019,Iowa,"(-16, -14]",0,0,0,310,0
2019,Iowa,"(-14, -12]",0,0,0,310,0
2019,Iowa,"(-12, -10]",0,0,0,310,0
2019,Iowa,"(-10, -8]",0,0,0,310,0
2019,Iowa,"(-8, -6]",1,0.003225806,1,310,0.003225806
2019,Iowa,"(-6, -4]",4,0.012903226,5,310,0.016129032
2019,Iowa,"(-4, -2]",11,0.035483871,16,310,0.051612903
2019,Iowa,"(-2, 0]",43,0.138709677,59,310,0.190322581
2019,Iowa,"(0, 2]",64,0.206451613,123,310,0.396774194
2019,Iowa,"(2, 4]",60,0.193548387,183,310,0.590322581
2019,Iowa,"(4, 6]",53,0.170967742,236,310,0.761290323
2019,Iowa,"(6, 8]",21,0.067741935,257,310,0.829032258
2019,Iowa,"(8, 10]",18,0.058064516,275,310,0.887096774
2019,Iowa,"(10, 12]",10,0.032258065,285,310,0.919354839
2019,Iowa,"(12, 14]",3,0.009677419,288,310,0.929032258
2019,Iowa,"(14, 16]",4,0.012903226,292,310,0.941935484
2019,Iowa,"(16, 18]",4,0.012903226,296,310,0.95483871
2019,Iowa,"(18, 20]",1,0.003225806,297,310,0.958064516
2019,Iowa,"(20, 22]",5,0.016129032,302,310,0.974193548
2019,Iowa,"(22, 24]",0,0,302,310,0.974193548
2019,Iowa,"(24, 26]",2,0.006451613,304,310,0.980645161
2019,Iowa,"(26, 28]",1,0.003225806,305,310,0.983870968
2019,Iowa,"(28, 30]",2,0.006451613,307,310,0.990322581
2019,Iowa,"(30, 32]",1,0.003225806,308,310,0.993548387
2019,Iowa,"(32, 34]",0,0,308,310,0.993548387
2019,Iowa,"(34, 36]",0,0,308,310,0.993548387
2019,Iowa,"(36, 38]",0,0,308,310,0.993548387
2019,Iowa,"(38, 40]",0,0,308,310,0.993548387
2019,Iowa,"(40, 42]",0,0,308,310,0.993548387
2019,Iowa,"(42, 44]",0,0,308,310,0.993548387
2019,Iowa,"(44, 46]",0,0,308,310,0.993548387
2019,Iowa,"(46, 48]",0,0,308,310,0.993548387
2019,Iowa,"(48, 50]",0,0,308,310,0.993548387
2019,Iowa,"(50, 52]",1,0.003225806,309,310,0.996774194
2019,Iowa,"(52, 54]",0,0,309,310,0.996774194
2019,Iowa,"(54, 56]",1,0.003225806,310,310,1
2019,Iowa,"(56, 58]",0,0,310,310,1
2019,Iowa,"(58, 60]",0,0,310,310,1
2019,Iowa,"(60, 62]",0,0,310,310,1
2019,Iowa,"(62, 64]",0,0,310,310,1
2019,Iowa,"(64, 66]",0,0,310,310,1
2019,Iowa,"(66, 68]",0,0,310,310,1
2019,Iowa,"(68, 70]",0,0,310,310,1
2019,Iowa,"(70, 72]",0,0,310,310,1
2019,Iowa,"(72, 74]",0,0,310,310,1
2019,Iowa,"(74, 76]",0,0,310,310,1
2019,Iowa,"(76, 78]",0,0,310,310,1
2019,Iowa,"(78, 80]",0,0,310,310,1
2019,Iowa,"(80, 82]",0,0,310,310,1
2019,Iowa,"(82, 84]",0,0,310,310,1
2019,Iowa,"(84, 86]",0,0,310,310,1
2019,Iowa,"(86, 88]",0,0,310,310,1
2019,Iowa,"(88, 90]",0,0,310,310,1
2019,Iowa,"(90, 92]",0,0,310,310,1
2019,Iowa,"(92, 94]",0,0,310,310,1
2019,Iowa,"(94, 96]",0,0,310,310,1
2019,Iowa,"(96, 98]",0,0,310,310,1
2019,Michigan,"(-22, -20]",0,0,0,325,0
2019,Michigan,"(-20, -18]",0,0,0,325,0
2019,Michigan,"(-18, -16]",0,0,0,325,0
2019,Michigan,"(-16, -14]",0,0,0,325,0
2019,Michigan,"(-14, -12]",0,0,0,325,0
2019,Michigan,"(-12, -10]",0,0,0,325,0
2019,Michigan,"(-10, -8]",0,0,0,325,0
2019,Michigan,"(-8, -6]",0,0,0,325,0
2019,Michigan,"(-6, -4]",4,0.012307692,4,325,0.012307692
2019,Michigan,"(-4, -2]",8,0.024615385,12,325,0.036923077
2019,Michigan,"(-2, 0]",39,0.12,51,325,0.156923077
2019,Michigan,"(0, 2]",76,0.233846154,127,325,0.390769231
2019,Michigan,"(2, 4]",73,0.224615385,200,325,0.615384615
2019,Michigan,"(4, 6]",47,0.144615385,247,325,0.76
2019,Michigan,"(6, 8]",27,0.083076923,274,325,0.843076923
2019,Michigan,"(8, 10]",15,0.046153846,289,325,0.889230769
2019,Michigan,"(10, 12]",11,0.033846154,300,325,0.923076923
2019,Michigan,"(12, 14]",8,0.024615385,308,325,0.947692308
2019,Michigan,"(14, 16]",3,0.009230769,311,325,0.956923077
2019,Michigan,"(16, 18]",2,0.006153846,313,325,0.963076923
2019,Michigan,"(18, 20]",1,0.003076923,314,325,0.966153846
2019,Michigan,"(20, 22]",1,0.003076923,315,325,0.969230769
2019,Michigan,"(22, 24]",1,0.003076923,316,325,0.972307692
2019,Michigan,"(24, 26]",1,0.003076923,317,325,0.975384615
2019,Michigan,"(26, 28]",2,0.006153846,319,325,0.981538462
2019,Michigan,"(28, 30]",1,0.003076923,320,325,0.984615385
2019,Michigan,"(30, 32]",0,0,320,325,0.984615385
2019,Michigan,"(32, 34]",1,0.003076923,321,325,0.987692308
2019,Michigan,"(34, 36]",1,0.003076923,322,325,0.990769231
2019,Michigan,"(36, 38]",0,0,322,325,0.990769231
2019,Michigan,"(38, 40]",1,0.003076923,323,325,0.993846154
2019,Michigan,"(40, 42]",1,0.003076923,324,325,0.996923077
2019,Michigan,"(42, 44]",0,0,324,325,0.996923077
2019,Michigan,"(44, 46]",0,0,324,325,0.996923077
2019,Michigan,"(46, 48]",0,0,324,325,0.996923077
2019,Michigan,"(48, 50]",1,0.003076923,325,325,1
2019,Michigan,"(50, 52]",0,0,325,325,1
2019,Michigan,"(52, 54]",0,0,325,325,1
2019,Michigan,"(54, 56]",0,0,325,325,1
2019,Michigan,"(56, 58]",0,0,325,325,1
2019,Michigan,"(58, 60]",0,0,325,325,1
2019,Michigan,"(60, 62]",0,0,325,325,1
2019,Michigan,"(62, 64]",0,0,325,325,1
2019,Michigan,"(64, 66]",0,0,325,325,1
2019,Michigan,"(66, 68]",0,0,325,325,1
2019,Michigan,"(68, 70]",0,0,325,325,1
2019,Michigan,"(70, 72]",0,0,325,325,1
2019,Michigan,"(72, 74]",0,0,325,325,1
2019,Michigan,"(74, 76]",0,0,325,325,1
2019,Michigan,"(76, 78]",0,0,325,325,1
2019,Michigan,"(78, 80]",0,0,325,325,1
2019,Michigan,"(80, 82]",0,0,325,325,1
2019,Michigan,"(82, 84]",0,0,325,325,1
2019,Michigan,"(84, 86]",0,0,325,325,1
2019,Michigan,"(86, 88]",0,0,325,325,1
2019,Michigan,"(88, 90]",0,0,325,325,1
2019,Michigan,"(90, 92]",0,0,325,325,1
2019,Michigan,"(92, 94]",0,0,325,325,1
2019,Michigan,"(94, 96]",0,0,325,325,1
2019,Michigan,"(96, 98]",0,0,325,325,1
2019,Michigan State,"(-22, -20]",0,0,0,276,0
2019,Michigan State,"(-20, -18]",0,0,0,276,0
2019,Michigan State,"(-18, -16]",0,0,0,276,0
2019,Michigan State,"(-16, -14]",0,0,0,276,0
2019,Michigan State,"(-14, -12]",0,0,0,276,0
2019,Michigan State,"(-12, -10]",0,0,0,276,0
2019,Michigan State,"(-10, -8]",0,0,0,276,0
2019,Michigan State,"(-8, -6]",1,0.003623188,1,276,0.003623188
2019,Michigan State,"(-6, -4]",5,0.018115942,6,276,0.02173913
2019,Michigan State,"(-4, -2]",17,0.061594203,23,276,0.083333333
2019,Michigan State,"(-2, 0]",38,0.137681159,61,276,0.221014493
2019,Michigan State,"(0, 2]",78,0.282608696,139,276,0.503623188
2019,Michigan State,"(2, 4]",54,0.195652174,193,276,0.699275362
2019,Michigan State,"(4, 6]",35,0.126811594,228,276,0.826086957
2019,Michigan State,"(6, 8]",18,0.065217391,246,276,0.891304348
2019,Michigan State,"(8, 10]",6,0.02173913,252,276,0.913043478
2019,Michigan State,"(10, 12]",7,0.025362319,259,276,0.938405797
2019,Michigan State,"(12, 14]",3,0.010869565,262,276,0.949275362
2019,Michigan State,"(14, 16]",2,0.007246377,264,276,0.956521739
2019,Michigan State,"(16, 18]",1,0.003623188,265,276,0.960144928
2019,Michigan State,"(18, 20]",1,0.003623188,266,276,0.963768116
2019,Michigan State,"(20, 22]",2,0.007246377,268,276,0.971014493
2019,Michigan State,"(22, 24]",3,0.010869565,271,276,0.981884058
2019,Michigan State,"(24, 26]",1,0.003623188,272,276,0.985507246
2019,Michigan State,"(26, 28]",1,0.003623188,273,276,0.989130435
2019,Michigan State,"(28, 30]",1,0.003623188,274,276,0.992753623
2019,Michigan State,"(30, 32]",0,0,274,276,0.992753623
2019,Michigan State,"(32, 34]",0,0,274,276,0.992753623
2019,Michigan State,"(34, 36]",0,0,274,276,0.992753623
2019,Michigan State,"(36, 38]",0,0,274,276,0.992753623
2019,Michigan State,"(38, 40]",1,0.003623188,275,276,0.996376812
2019,Michigan State,"(40, 42]",0,0,275,276,0.996376812
2019,Michigan State,"(42, 44]",0,0,275,276,0.996376812
2019,Michigan State,"(44, 46]",0,0,275,276,0.996376812
2019,Michigan State,"(46, 48]",0,0,275,276,0.996376812
2019,Michigan State,"(48, 50]",0,0,275,276,0.996376812
2019,Michigan State,"(50, 52]",0,0,275,276,0.996376812
2019,Michigan State,"(52, 54]",0,0,275,276,0.996376812
2019,Michigan State,"(54, 56]",0,0,275,276,0.996376812
2019,Michigan State,"(56, 58]",1,0.003623188,276,276,1
2019,Michigan State,"(58, 60]",0,0,276,276,1
2019,Michigan State,"(60, 62]",0,0,276,276,1
2019,Michigan State,"(62, 64]",0,0,276,276,1
2019,Michigan State,"(64, 66]",0,0,276,276,1
2019,Michigan State,"(66, 68]",0,0,276,276,1
2019,Michigan State,"(68, 70]",0,0,276,276,1
2019,Michigan State,"(70, 72]",0,0,276,276,1
2019,Michigan State,"(72, 74]",0,0,276,276,1
2019,Michigan State,"(74, 76]",0,0,276,276,1
2019,Michigan State,"(76, 78]",0,0,276,276,1
2019,Michigan State,"(78, 80]",0,0,276,276,1
2019,Michigan State,"(80, 82]",0,0,276,276,1
2019,Michigan State,"(82, 84]",0,0,276,276,1
2019,Michigan State,"(84, 86]",0,0,276,276,1
2019,Michigan State,"(86, 88]",0,0,276,276,1
2019,Michigan State,"(88, 90]",0,0,276,276,1
2019,Michigan State,"(90, 92]",0,0,276,276,1
2019,Michigan State,"(92, 94]",0,0,276,276,1
2019,Michigan State,"(94, 96]",0,0,276,276,1
2019,Michigan State,"(96, 98]",0,0,276,276,1
2019,Ohio State,"(-22, -20]",0,0,0,452,0
2019,Ohio State,"(-20, -18]",0,0,0,452,0
2019,Ohio State,"(-18, -16]",0,0,0,452,0
2019,Ohio State,"(-16, -14]",0,0,0,452,0
2019,Ohio State,"(-14, -12]",0,0,0,452,0
2019,Ohio State,"(-12, -10]",0,0,0,452,0
2019,Ohio State,"(-10, -8]",0,0,0,452,0
2019,Ohio State,"(-8, -6]",0,0,0,452,0
2019,Ohio State,"(-6, -4]",0,0,0,452,0
2019,Ohio State,"(-4, -2]",17,0.037610619,17,452,0.037610619
2019,Ohio State,"(-2, 0]",41,0.090707965,58,452,0.128318584
2019,Ohio State,"(0, 2]",87,0.192477876,145,452,0.32079646
2019,Ohio State,"(2, 4]",107,0.236725664,252,452,0.557522124
2019,Ohio State,"(4, 6]",52,0.115044248,304,452,0.672566372
2019,Ohio State,"(6, 8]",49,0.10840708,353,452,0.780973451
2019,Ohio State,"(8, 10]",24,0.053097345,377,452,0.834070796
2019,Ohio State,"(10, 12]",15,0.033185841,392,452,0.867256637
2019,Ohio State,"(12, 14]",15,0.033185841,407,452,0.900442478
2019,Ohio State,"(14, 16]",12,0.026548673,419,452,0.92699115
2019,Ohio State,"(16, 18]",5,0.011061947,424,452,0.938053097
2019,Ohio State,"(18, 20]",2,0.004424779,426,452,0.942477876
2019,Ohio State,"(20, 22]",2,0.004424779,428,452,0.946902655
2019,Ohio State,"(22, 24]",3,0.006637168,431,452,0.953539823
2019,Ohio State,"(24, 26]",5,0.011061947,436,452,0.96460177
2019,Ohio State,"(26, 28]",1,0.002212389,437,452,0.966814159
2019,Ohio State,"(28, 30]",2,0.004424779,439,452,0.971238938
2019,Ohio State,"(30, 32]",0,0,439,452,0.971238938
2019,Ohio State,"(32, 34]",3,0.006637168,442,452,0.977876106
2019,Ohio State,"(34, 36]",1,0.002212389,443,452,0.980088496
2019,Ohio State,"(36, 38]",0,0,443,452,0.980088496
2019,Ohio State,"(38, 40]",1,0.002212389,444,452,0.982300885
2019,Ohio State,"(40, 42]",2,0.004424779,446,452,0.986725664
2019,Ohio State,"(42, 44]",0,0,446,452,0.986725664
2019,Ohio State,"(44, 46]",0,0,446,452,0.986725664
2019,Ohio State,"(46, 48]",0,0,446,452,0.986725664
2019,Ohio State,"(48, 50]",0,0,446,452,0.986725664
2019,Ohio State,"(50, 52]",0,0,446,452,0.986725664
2019,Ohio State,"(52, 54]",1,0.002212389,447,452,0.988938053
2019,Ohio State,"(54, 56]",1,0.002212389,448,452,0.991150442
2019,Ohio State,"(56, 58]",0,0,448,452,0.991150442
2019,Ohio State,"(58, 60]",1,0.002212389,449,452,0.993362832
2019,Ohio State,"(60, 62]",0,0,449,452,0.993362832
2019,Ohio State,"(62, 64]",0,0,449,452,0.993362832
2019,Ohio State,"(64, 66]",0,0,449,452,0.993362832
2019,Ohio State,"(66, 68]",2,0.004424779,451,452,0.997787611
2019,Ohio State,"(68, 70]",0,0,451,452,0.997787611
2019,Ohio State,"(70, 72]",0,0,451,452,0.997787611
2019,Ohio State,"(72, 74]",1,0.002212389,452,452,1
2019,Ohio State,"(74, 76]",0,0,452,452,1
2019,Ohio State,"(76, 78]",0,0,452,452,1
2019,Ohio State,"(78, 80]",0,0,452,452,1
2019,Ohio State,"(80, 82]",0,0,452,452,1
2019,Ohio State,"(82, 84]",0,0,452,452,1
2019,Ohio State,"(84, 86]",0,0,452,452,1
2019,Ohio State,"(86, 88]",0,0,452,452,1
2019,Ohio State,"(88, 90]",0,0,452,452,1
2019,Ohio State,"(90, 92]",0,0,452,452,1
2019,Ohio State,"(92, 94]",0,0,452,452,1
2019,Ohio State,"(94, 96]",0,0,452,452,1
2019,Ohio State,"(96, 98]",0,0,452,452,1
2019,Penn State,"(-22, -20]",0,0,0,273,0
2019,Penn State,"(-20, -18]",0,0,0,273,0
2019,Penn State,"(-18, -16]",0,0,0,273,0
2019,Penn State,"(-16, -14]",0,0,0,273,0
2019,Penn State,"(-14, -12]",0,0,0,273,0
2019,Penn State,"(-12, -10]",0,0,0,273,0
2019,Penn State,"(-10, -8]",0,0,0,273,0
2019,Penn State,"(-8, -6]",0,0,0,273,0
2019,Penn State,"(-6, -4]",0,0,0,273,0
2019,Penn State,"(-4, -2]",7,0.025641026,7,273,0.025641026
2019,Penn State,"(-2, 0]",23,0.084249084,30,273,0.10989011
2019,Penn State,"(0, 2]",77,0.282051282,107,273,0.391941392
2019,Penn State,"(2, 4]",63,0.230769231,170,273,0.622710623
2019,Penn State,"(4, 6]",44,0.161172161,214,273,0.783882784
2019,Penn State,"(6, 8]",16,0.058608059,230,273,0.842490842
2019,Penn State,"(8, 10]",10,0.036630037,240,273,0.879120879
2019,Penn State,"(10, 12]",9,0.032967033,249,273,0.912087912
2019,Penn State,"(12, 14]",5,0.018315018,254,273,0.93040293
2019,Penn State,"(14, 16]",3,0.010989011,257,273,0.941391941
2019,Penn State,"(16, 18]",2,0.007326007,259,273,0.948717949
2019,Penn State,"(18, 20]",4,0.014652015,263,273,0.963369963
2019,Penn State,"(20, 22]",0,0,263,273,0.963369963
2019,Penn State,"(22, 24]",1,0.003663004,264,273,0.967032967
2019,Penn State,"(24, 26]",0,0,264,273,0.967032967
2019,Penn State,"(26, 28]",2,0.007326007,266,273,0.974358974
2019,Penn State,"(28, 30]",0,0,266,273,0.974358974
2019,Penn State,"(30, 32]",0,0,266,273,0.974358974
2019,Penn State,"(32, 34]",1,0.003663004,267,273,0.978021978
2019,Penn State,"(34, 36]",1,0.003663004,268,273,0.981684982
2019,Penn State,"(36, 38]",0,0,268,273,0.981684982
2019,Penn State,"(38, 40]",1,0.003663004,269,273,0.985347985
2019,Penn State,"(40, 42]",0,0,269,273,0.985347985
2019,Penn State,"(42, 44]",1,0.003663004,270,273,0.989010989
2019,Penn State,"(44, 46]",1,0.003663004,271,273,0.992673993
2019,Penn State,"(46, 48]",0,0,271,273,0.992673993
2019,Penn State,"(48, 50]",0,0,271,273,0.992673993
2019,Penn State,"(50, 52]",0,0,271,273,0.992673993
2019,Penn State,"(52, 54]",0,0,271,273,0.992673993
2019,Penn State,"(54, 56]",0,0,271,273,0.992673993
2019,Penn State,"(56, 58]",0,0,271,273,0.992673993
2019,Penn State,"(58, 60]",0,0,271,273,0.992673993
2019,Penn State,"(60, 62]",0,0,271,273,0.992673993
2019,Penn State,"(62, 64]",0,0,271,273,0.992673993
2019,Penn State,"(64, 66]",0,0,271,273,0.992673993
2019,Penn State,"(66, 68]",0,0,271,273,0.992673993
2019,Penn State,"(68, 70]",0,0,271,273,0.992673993
2019,Penn State,"(70, 72]",0,0,271,273,0.992673993
2019,Penn State,"(72, 74]",0,0,271,273,0.992673993
2019,Penn State,"(74, 76]",0,0,271,273,0.992673993
2019,Penn State,"(76, 78]",0,0,271,273,0.992673993
2019,Penn State,"(78, 80]",0,0,271,273,0.992673993
2019,Penn State,"(80, 82]",1,0.003663004,272,273,0.996336996
2019,Penn State,"(82, 84]",0,0,272,273,0.996336996
2019,Penn State,"(84, 86]",1,0.003663004,273,273,1
2019,Penn State,"(86, 88]",0,0,273,273,1
2019,Penn State,"(88, 90]",0,0,273,273,1
2019,Penn State,"(90, 92]",0,0,273,273,1
2019,Penn State,"(92, 94]",0,0,273,273,1
2019,Penn State,"(94, 96]",0,0,273,273,1
2019,Penn State,"(96, 98]",0,0,273,273,1
2019,Wisconsin,"(-22, -20]",0,0,0,431,0
2019,Wisconsin,"(-20, -18]",0,0,0,431,0
2019,Wisconsin,"(-18, -16]",0,0,0,431,0
2019,Wisconsin,"(-16, -14]",0,0,0,431,0
2019,Wisconsin,"(-14, -12]",0,0,0,431,0
2019,Wisconsin,"(-12, -10]",0,0,0,431,0
2019,Wisconsin,"(-10, -8]",0,0,0,431,0
2019,Wisconsin,"(-8, -6]",3,0.006960557,3,431,0.006960557
2019,Wisconsin,"(-6, -4]",0,0,3,431,0.006960557
2019,Wisconsin,"(-4, -2]",8,0.018561485,11,431,0.025522042
2019,Wisconsin,"(-2, 0]",42,0.097447796,53,431,0.122969838
2019,Wisconsin,"(0, 2]",90,0.208816705,143,431,0.331786543
2019,Wisconsin,"(2, 4]",102,0.236658933,245,431,0.568445476
2019,Wisconsin,"(4, 6]",65,0.150812065,310,431,0.719257541
2019,Wisconsin,"(6, 8]",35,0.081206497,345,431,0.800464037
2019,Wisconsin,"(8, 10]",22,0.051044084,367,431,0.851508121
2019,Wisconsin,"(10, 12]",17,0.039443155,384,431,0.890951276
2019,Wisconsin,"(12, 14]",9,0.020881671,393,431,0.911832947
2019,Wisconsin,"(14, 16]",8,0.018561485,401,431,0.930394432
2019,Wisconsin,"(16, 18]",9,0.020881671,410,431,0.951276102
2019,Wisconsin,"(18, 20]",4,0.009280742,414,431,0.960556845
2019,Wisconsin,"(20, 22]",3,0.006960557,417,431,0.967517401
2019,Wisconsin,"(22, 24]",3,0.006960557,420,431,0.974477958
2019,Wisconsin,"(24, 26]",0,0,420,431,0.974477958
2019,Wisconsin,"(26, 28]",1,0.002320186,421,431,0.976798144
2019,Wisconsin,"(28, 30]",0,0,421,431,0.976798144
2019,Wisconsin,"(30, 32]",0,0,421,431,0.976798144
2019,Wisconsin,"(32, 34]",0,0,421,431,0.976798144
2019,Wisconsin,"(34, 36]",1,0.002320186,422,431,0.979118329
2019,Wisconsin,"(36, 38]",2,0.004640371,424,431,0.983758701
2019,Wisconsin,"(38, 40]",0,0,424,431,0.983758701
2019,Wisconsin,"(40, 42]",2,0.004640371,426,431,0.988399072
2019,Wisconsin,"(42, 44]",1,0.002320186,427,431,0.990719258
2019,Wisconsin,"(44, 46]",1,0.002320186,428,431,0.993039443
2019,Wisconsin,"(46, 48]",1,0.002320186,429,431,0.995359629
2019,Wisconsin,"(48, 50]",0,0,429,431,0.995359629
2019,Wisconsin,"(50, 52]",1,0.002320186,430,431,0.997679814
2019,Wisconsin,"(52, 54]",0,0,430,431,0.997679814
2019,Wisconsin,"(54, 56]",0,0,430,431,0.997679814
2019,Wisconsin,"(56, 58]",0,0,430,431,0.997679814
2019,Wisconsin,"(58, 60]",0,0,430,431,0.997679814
2019,Wisconsin,"(60, 62]",0,0,430,431,0.997679814
2019,Wisconsin,"(62, 64]",0,0,430,431,0.997679814
2019,Wisconsin,"(64, 66]",0,0,430,431,0.997679814
2019,Wisconsin,"(66, 68]",0,0,430,431,0.997679814
2019,Wisconsin,"(68, 70]",0,0,430,431,0.997679814
2019,Wisconsin,"(70, 72]",1,0.002320186,431,431,1
2019,Wisconsin,"(72, 74]",0,0,431,431,1
2019,Wisconsin,"(74, 76]",0,0,431,431,1
2019,Wisconsin,"(76, 78]",0,0,431,431,1
2019,Wisconsin,"(78, 80]",0,0,431,431,1
2019,Wisconsin,"(80, 82]",0,0,431,431,1
2019,Wisconsin,"(82, 84]",0,0,431,431,1
2019,Wisconsin,"(84, 86]",0,0,431,431,1
2019,Wisconsin,"(86, 88]",0,0,431,431,1
2019,Wisconsin,"(88, 90]",0,0,431,431,1
2019,Wisconsin,"(90, 92]",0,0,431,431,1
2019,Wisconsin,"(92, 94]",0,0,431,431,1
2019,Wisconsin,"(94, 96]",0,0,431,431,1
2019,Wisconsin,"(96, 98]",0,0,431,431,1
2020,Iowa,"(-22, -20]",0,0,0,232,0
2020,Iowa,"(-20, -18]",0,0,0,232,0
2020,Iowa,"(-18, -16]",0,0,0,232,0
2020,Iowa,"(-16, -14]",0,0,0,232,0
2020,Iowa,"(-14, -12]",0,0,0,232,0
2020,Iowa,"(-12, -10]",0,0,0,232,0
2020,Iowa,"(-10, -8]",0,0,0,232,0
2020,Iowa,"(-8, -6]",1,0.004310345,1,232,0.004310345
2020,Iowa,"(-6, -4]",4,0.017241379,5,232,0.021551724
2020,Iowa,"(-4, -2]",13,0.056034483,18,232,0.077586207
2020,Iowa,"(-2, 0]",24,0.103448276,42,232,0.181034483
2020,Iowa,"(0, 2]",54,0.232758621,96,232,0.413793103
2020,Iowa,"(2, 4]",40,0.172413793,136,232,0.586206897
2020,Iowa,"(4, 6]",30,0.129310345,166,232,0.715517241
2020,Iowa,"(6, 8]",24,0.103448276,190,232,0.818965517
2020,Iowa,"(8, 10]",11,0.047413793,201,232,0.86637931
2020,Iowa,"(10, 12]",8,0.034482759,209,232,0.900862069
2020,Iowa,"(12, 14]",6,0.025862069,215,232,0.926724138
2020,Iowa,"(14, 16]",8,0.034482759,223,232,0.961206897
2020,Iowa,"(16, 18]",1,0.004310345,224,232,0.965517241
2020,Iowa,"(18, 20]",1,0.004310345,225,232,0.969827586
2020,Iowa,"(20, 22]",1,0.004310345,226,232,0.974137931
2020,Iowa,"(22, 24]",0,0,226,232,0.974137931
2020,Iowa,"(24, 26]",1,0.004310345,227,232,0.978448276
2020,Iowa,"(26, 28]",1,0.004310345,228,232,0.982758621
2020,Iowa,"(28, 30]",0,0,228,232,0.982758621
2020,Iowa,"(30, 32]",0,0,228,232,0.982758621
2020,Iowa,"(32, 34]",0,0,228,232,0.982758621
2020,Iowa,"(34, 36]",1,0.004310345,229,232,0.987068966
2020,Iowa,"(36, 38]",0,0,229,232,0.987068966
2020,Iowa,"(38, 40]",0,0,229,232,0.987068966
2020,Iowa,"(40, 42]",0,0,229,232,0.987068966
2020,Iowa,"(42, 44]",0,0,229,232,0.987068966
2020,Iowa,"(44, 46]",1,0.004310345,230,232,0.99137931
2020,Iowa,"(46, 48]",0,0,230,232,0.99137931
2020,Iowa,"(48, 50]",0,0,230,232,0.99137931
2020,Iowa,"(50, 52]",0,0,230,232,0.99137931
2020,Iowa,"(52, 54]",0,0,230,232,0.99137931
2020,Iowa,"(54, 56]",0,0,230,232,0.99137931
2020,Iowa,"(56, 58]",0,0,230,232,0.99137931
2020,Iowa,"(58, 60]",0,0,230,232,0.99137931
2020,Iowa,"(60, 62]",0,0,230,232,0.99137931
2020,Iowa,"(62, 64]",0,0,230,232,0.99137931
2020,Iowa,"(64, 66]",0,0,230,232,0.99137931
2020,Iowa,"(66, 68]",0,0,230,232,0.99137931
2020,Iowa,"(68, 70]",0,0,230,232,0.99137931
2020,Iowa,"(70, 72]",1,0.004310345,231,232,0.995689655
2020,Iowa,"(72, 74]",0,0,231,232,0.995689655
2020,Iowa,"(74, 76]",0,0,231,232,0.995689655
2020,Iowa,"(76, 78]",0,0,231,232,0.995689655
2020,Iowa,"(78, 80]",1,0.004310345,232,232,1
2020,Iowa,"(80, 82]",0,0,232,232,1
2020,Iowa,"(82, 84]",0,0,232,232,1
2020,Iowa,"(84, 86]",0,0,232,232,1
2020,Iowa,"(86, 88]",0,0,232,232,1
2020,Iowa,"(88, 90]",0,0,232,232,1
2020,Iowa,"(90, 92]",0,0,232,232,1
2020,Iowa,"(92, 94]",0,0,232,232,1
2020,Iowa,"(94, 96]",0,0,232,232,1
2020,Iowa,"(96, 98]",0,0,232,232,1
2020,Michigan,"(-22, -20]",0,0,0,122,0
2020,Michigan,"(-20, -18]",0,0,0,122,0
2020,Michigan,"(-18, -16]",0,0,0,122,0
2020,Michigan,"(-16, -14]",0,0,0,122,0
2020,Michigan,"(-14, -12]",0,0,0,122,0
2020,Michigan,"(-12, -10]",0,0,0,122,0
2020,Michigan,"(-10, -8]",0,0,0,122,0
2020,Michigan,"(-8, -6]",2,0.016393443,2,122,0.016393443
2020,Michigan,"(-6, -4]",3,0.024590164,5,122,0.040983607
2020,Michigan,"(-4, -2]",3,0.024590164,8,122,0.06557377
2020,Michigan,"(-2, 0]",18,0.147540984,26,122,0.213114754
2020,Michigan,"(0, 2]",34,0.278688525,60,122,0.491803279
2020,Michigan,"(2, 4]",21,0.172131148,81,122,0.663934426
2020,Michigan,"(4, 6]",12,0.098360656,93,122,0.762295082
2020,Michigan,"(6, 8]",8,0.06557377,101,122,0.827868852
2020,Michigan,"(8, 10]",7,0.057377049,108,122,0.885245902
2020,Michigan,"(10, 12]",2,0.016393443,110,122,0.901639344
2020,Michigan,"(12, 14]",3,0.024590164,113,122,0.926229508
2020,Michigan,"(14, 16]",3,0.024590164,116,122,0.950819672
2020,Michigan,"(16, 18]",1,0.008196721,117,122,0.959016393
2020,Michigan,"(18, 20]",1,0.008196721,118,122,0.967213115
2020,Michigan,"(20, 22]",0,0,118,122,0.967213115
2020,Michigan,"(22, 24]",0,0,118,122,0.967213115
2020,Michigan,"(24, 26]",1,0.008196721,119,122,0.975409836
2020,Michigan,"(26, 28]",0,0,119,122,0.975409836
2020,Michigan,"(28, 30]",0,0,119,122,0.975409836
2020,Michigan,"(30, 32]",0,0,119,122,0.975409836
2020,Michigan,"(32, 34]",0,0,119,122,0.975409836
2020,Michigan,"(34, 36]",0,0,119,122,0.975409836
2020,Michigan,"(36, 38]",0,0,119,122,0.975409836
2020,Michigan,"(38, 40]",0,0,119,122,0.975409836
2020,Michigan,"(40, 42]",0,0,119,122,0.975409836
2020,Michigan,"(42, 44]",0,0,119,122,0.975409836
2020,Michigan,"(44, 46]",0,0,119,122,0.975409836
2020,Michigan,"(46, 48]",0,0,119,122,0.975409836
2020,Michigan,"(48, 50]",0,0,119,122,0.975409836
2020,Michigan,"(50, 52]",0,0,119,122,0.975409836
2020,Michigan,"(52, 54]",0,0,119,122,0.975409836
2020,Michigan,"(54, 56]",0,0,119,122,0.975409836
2020,Michigan,"(56, 58]",0,0,119,122,0.975409836
2020,Michigan,"(58, 60]",1,0.008196721,120,122,0.983606557
2020,Michigan,"(60, 62]",0,0,120,122,0.983606557
2020,Michigan,"(62, 64]",0,0,120,122,0.983606557
2020,Michigan,"(64, 66]",1,0.008196721,121,122,0.991803279
2020,Michigan,"(66, 68]",0,0,121,122,0.991803279
2020,Michigan,"(68, 70]",1,0.008196721,122,122,1
2020,Michigan,"(70, 72]",0,0,122,122,1
2020,Michigan,"(72, 74]",0,0,122,122,1
2020,Michigan,"(74, 76]",0,0,122,122,1
2020,Michigan,"(76, 78]",0,0,122,122,1
2020,Michigan,"(78, 80]",0,0,122,122,1
2020,Michigan,"(80, 82]",0,0,122,122,1
2020,Michigan,"(82, 84]",0,0,122,122,1
2020,Michigan,"(84, 86]",0,0,122,122,1
2020,Michigan,"(86, 88]",0,0,122,122,1
2020,Michigan,"(88, 90]",0,0,122,122,1
2020,Michigan,"(90, 92]",0,0,122,122,1
2020,Michigan,"(92, 94]",0,0,122,122,1
2020,Michigan,"(94, 96]",0,0,122,122,1
2020,Michigan,"(96, 98]",0,0,122,122,1
2020,Michigan State,"(-22, -20]",0,0,0,106,0
2020,Michigan State,"(-20, -18]",0,0,0,106,0
2020,Michigan State,"(-18, -16]",0,0,0,106,0
2020,Michigan State,"(-16, -14]",0,0,0,106,0
2020,Michigan State,"(-14, -12]",0,0,0,106,0
2020,Michigan State,"(-12, -10]",0,0,0,106,0
2020,Michigan State,"(-10, -8]",0,0,0,106,0
2020,Michigan State,"(-8, -6]",0,0,0,106,0
2020,Michigan State,"(-6, -4]",2,0.018867925,2,106,0.018867925
2020,Michigan State,"(-4, -2]",6,0.056603774,8,106,0.075471698
2020,Michigan State,"(-2, 0]",16,0.150943396,24,106,0.226415094
2020,Michigan State,"(0, 2]",33,0.311320755,57,106,0.537735849
2020,Michigan State,"(2, 4]",27,0.254716981,84,106,0.79245283
2020,Michigan State,"(4, 6]",11,0.103773585,95,106,0.896226415
2020,Michigan State,"(6, 8]",4,0.037735849,99,106,0.933962264
2020,Michigan State,"(8, 10]",3,0.028301887,102,106,0.962264151
2020,Michigan State,"(10, 12]",1,0.009433962,103,106,0.971698113
2020,Michigan State,"(12, 14]",3,0.028301887,106,106,1
2020,Michigan State,"(14, 16]",0,0,106,106,1
2020,Michigan State,"(16, 18]",0,0,106,106,1
2020,Michigan State,"(18, 20]",0,0,106,106,1
2020,Michigan State,"(20, 22]",0,0,106,106,1
2020,Michigan State,"(22, 24]",0,0,106,106,1
2020,Michigan State,"(24, 26]",0,0,106,106,1
2020,Michigan State,"(26, 28]",0,0,106,106,1
2020,Michigan State,"(28, 30]",0,0,106,106,1
2020,Michigan State,"(30, 32]",0,0,106,106,1
2020,Michigan State,"(32, 34]",0,0,106,106,1
2020,Michigan State,"(34, 36]",0,0,106,106,1
2020,Michigan State,"(36, 38]",0,0,106,106,1
2020,Michigan State,"(38, 40]",0,0,106,106,1
2020,Michigan State,"(40, 42]",0,0,106,106,1
2020,Michigan State,"(42, 44]",0,0,106,106,1
2020,Michigan State,"(44, 46]",0,0,106,106,1
2020,Michigan State,"(46, 48]",0,0,106,106,1
2020,Michigan State,"(48, 50]",0,0,106,106,1
2020,Michigan State,"(50, 52]",0,0,106,106,1
2020,Michigan State,"(52, 54]",0,0,106,106,1
2020,Michigan State,"(54, 56]",0,0,106,106,1
2020,Michigan State,"(56, 58]",0,0,106,106,1
2020,Michigan State,"(58, 60]",0,0,106,106,1
2020,Michigan State,"(60, 62]",0,0,106,106,1
2020,Michigan State,"(62, 64]",0,0,106,106,1
2020,Michigan State,"(64, 66]",0,0,106,106,1
2020,Michigan State,"(66, 68]",0,0,106,106,1
2020,Michigan State,"(68, 70]",0,0,106,106,1
2020,Michigan State,"(70, 72]",0,0,106,106,1
2020,Michigan State,"(72, 74]",0,0,106,106,1
2020,Michigan State,"(74, 76]",0,0,106,106,1
2020,Michigan State,"(76, 78]",0,0,106,106,1
2020,Michigan State,"(78, 80]",0,0,106,106,1
2020,Michigan State,"(80, 82]",0,0,106,106,1
2020,Michigan State,"(82, 84]",0,0,106,106,1
2020,Michigan State,"(84, 86]",0,0,106,106,1
2020,Michigan State,"(86, 88]",0,0,106,106,1
2020,Michigan State,"(88, 90]",0,0,106,106,1
2020,Michigan State,"(90, 92]",0,0,106,106,1
2020,Michigan State,"(92, 94]",0,0,106,106,1
2020,Michigan State,"(94, 96]",0,0,106,106,1
2020,Michigan State,"(96, 98]",0,0,106,106,1
2020,Ohio State,"(-22, -20]",0,0,0,172,0
2020,Ohio State,"(-20, -18]",0,0,0,172,0
2020,Ohio State,"(-18, -16]",0,0,0,172,0
2020,Ohio State,"(-16, -14]",0,0,0,172,0
2020,Ohio State,"(-14, -12]",0,0,0,172,0
2020,Ohio State,"(-12, -10]",0,0,0,172,0
2020,Ohio State,"(-10, -8]",0,0,0,172,0
2020,Ohio State,"(-8, -6]",0,0,0,172,0
2020,Ohio State,"(-6, -4]",4,0.023255814,4,172,0.023255814
2020,Ohio State,"(-4, -2]",6,0.034883721,10,172,0.058139535
2020,Ohio State,"(-2, 0]",15,0.087209302,25,172,0.145348837
2020,Ohio State,"(0, 2]",32,0.186046512,57,172,0.331395349
2020,Ohio State,"(2, 4]",42,0.244186047,99,172,0.575581395
2020,Ohio State,"(4, 6]",29,0.168604651,128,172,0.744186047
2020,Ohio State,"(6, 8]",9,0.052325581,137,172,0.796511628
2020,Ohio State,"(8, 10]",8,0.046511628,145,172,0.843023256
2020,Ohio State,"(10, 12]",6,0.034883721,151,172,0.877906977
2020,Ohio State,"(12, 14]",2,0.011627907,153,172,0.889534884
2020,Ohio State,"(14, 16]",4,0.023255814,157,172,0.912790698
2020,Ohio State,"(16, 18]",0,0,157,172,0.912790698
2020,Ohio State,"(18, 20]",1,0.005813953,158,172,0.918604651
2020,Ohio State,"(20, 22]",1,0.005813953,159,172,0.924418605
2020,Ohio State,"(22, 24]",1,0.005813953,160,172,0.930232558
2020,Ohio State,"(24, 26]",3,0.01744186,163,172,0.947674419
2020,Ohio State,"(26, 28]",2,0.011627907,165,172,0.959302326
2020,Ohio State,"(28, 30]",0,0,165,172,0.959302326
2020,Ohio State,"(30, 32]",2,0.011627907,167,172,0.970930233
2020,Ohio State,"(32, 34]",1,0.005813953,168,172,0.976744186
2020,Ohio State,"(34, 36]",1,0.005813953,169,172,0.98255814
2020,Ohio State,"(36, 38]",0,0,169,172,0.98255814
2020,Ohio State,"(38, 40]",0,0,169,172,0.98255814
2020,Ohio State,"(40, 42]",1,0.005813953,170,172,0.988372093
2020,Ohio State,"(42, 44]",0,0,170,172,0.988372093
2020,Ohio State,"(44, 46]",0,0,170,172,0.988372093
2020,Ohio State,"(46, 48]",0,0,170,172,0.988372093
2020,Ohio State,"(48, 50]",0,0,170,172,0.988372093
2020,Ohio State,"(50, 52]",0,0,170,172,0.988372093
2020,Ohio State,"(52, 54]",0,0,170,172,0.988372093
2020,Ohio State,"(54, 56]",0,0,170,172,0.988372093
2020,Ohio State,"(56, 58]",0,0,170,172,0.988372093
2020,Ohio State,"(58, 60]",0,0,170,172,0.988372093
2020,Ohio State,"(60, 62]",0,0,170,172,0.988372093
2020,Ohio State,"(62, 64]",1,0.005813953,171,172,0.994186047
2020,Ohio State,"(64, 66]",1,0.005813953,172,172,1
2020,Ohio State,"(66, 68]",0,0,172,172,1
2020,Ohio State,"(68, 70]",0,0,172,172,1
2020,Ohio State,"(70, 72]",0,0,172,172,1
2020,Ohio State,"(72, 74]",0,0,172,172,1
2020,Ohio State,"(74, 76]",0,0,172,172,1
2020,Ohio State,"(76, 78]",0,0,172,172,1
2020,Ohio State,"(78, 80]",0,0,172,172,1
2020,Ohio State,"(80, 82]",0,0,172,172,1
2020,Ohio State,"(82, 84]",0,0,172,172,1
2020,Ohio State,"(84, 86]",0,0,172,172,1
2020,Ohio State,"(86, 88]",0,0,172,172,1
2020,Ohio State,"(88, 90]",0,0,172,172,1
2020,Ohio State,"(90, 92]",0,0,172,172,1
2020,Ohio State,"(92, 94]",0,0,172,172,1
2020,Ohio State,"(94, 96]",0,0,172,172,1
2020,Ohio State,"(96, 98]",0,0,172,172,1
2020,Penn State,"(-22, -20]",0,0,0,207,0
2020,Penn State,"(-20, -18]",0,0,0,207,0
2020,Penn State,"(-18, -16]",0,0,0,207,0
2020,Penn State,"(-16, -14]",0,0,0,207,0
2020,Penn State,"(-14, -12]",0,0,0,207,0
2020,Penn State,"(-12, -10]",0,0,0,207,0
2020,Penn State,"(-10, -8]",0,0,0,207,0
2020,Penn State,"(-8, -6]",2,0.009661836,2,207,0.009661836
2020,Penn State,"(-6, -4]",1,0.004830918,3,207,0.014492754
2020,Penn State,"(-4, -2]",2,0.009661836,5,207,0.024154589
2020,Penn State,"(-2, 0]",29,0.140096618,34,207,0.164251208
2020,Penn State,"(0, 2]",45,0.217391304,79,207,0.381642512
2020,Penn State,"(2, 4]",60,0.289855072,139,207,0.671497585
2020,Penn State,"(4, 6]",23,0.111111111,162,207,0.782608696
2020,Penn State,"(6, 8]",18,0.086956522,180,207,0.869565217
2020,Penn State,"(8, 10]",9,0.043478261,189,207,0.913043478
2020,Penn State,"(10, 12]",3,0.014492754,192,207,0.927536232
2020,Penn State,"(12, 14]",5,0.024154589,197,207,0.951690821
2020,Penn State,"(14, 16]",2,0.009661836,199,207,0.961352657
2020,Penn State,"(16, 18]",0,0,199,207,0.961352657
2020,Penn State,"(18, 20]",0,0,199,207,0.961352657
2020,Penn State,"(20, 22]",2,0.009661836,201,207,0.971014493
2020,Penn State,"(22, 24]",3,0.014492754,204,207,0.985507246
2020,Penn State,"(24, 26]",0,0,204,207,0.985507246
2020,Penn State,"(26, 28]",0,0,204,207,0.985507246
2020,Penn State,"(28, 30]",0,0,204,207,0.985507246
2020,Penn State,"(30, 32]",2,0.009661836,206,207,0.995169082
2020,Penn State,"(32, 34]",0,0,206,207,0.995169082
2020,Penn State,"(34, 36]",1,0.004830918,207,207,1
2020,Penn State,"(36, 38]",0,0,207,207,1
2020,Penn State,"(38, 40]",0,0,207,207,1
2020,Penn State,"(40, 42]",0,0,207,207,1
2020,Penn State,"(42, 44]",0,0,207,207,1
2020,Penn State,"(44, 46]",0,0,207,207,1
2020,Penn State,"(46, 48]",0,0,207,207,1
2020,Penn State,"(48, 50]",0,0,207,207,1
2020,Penn State,"(50, 52]",0,0,207,207,1
2020,Penn State,"(52, 54]",0,0,207,207,1
2020,Penn State,"(54, 56]",0,0,207,207,1
2020,Penn State,"(56, 58]",0,0,207,207,1
2020,Penn State,"(58, 60]",0,0,207,207,1
2020,Penn State,"(60, 62]",0,0,207,207,1
2020,Penn State,"(62, 64]",0,0,207,207,1
2020,Penn State,"(64, 66]",0,0,207,207,1
2020,Penn State,"(66, 68]",0,0,207,207,1
2020,Penn State,"(68, 70]",0,0,207,207,1
2020,Penn State,"(70, 72]",0,0,207,207,1
2020,Penn State,"(72, 74]",0,0,207,207,1
2020,Penn State,"(74, 76]",0,0,207,207,1
2020,Penn State,"(76, 78]",0,0,207,207,1
2020,Penn State,"(78, 80]",0,0,207,207,1
2020,Penn State,"(80, 82]",0,0,207,207,1
2020,Penn State,"(82, 84]",0,0,207,207,1
2020,Penn State,"(84, 86]",0,0,207,207,1
2020,Penn State,"(86, 88]",0,0,207,207,1
2020,Penn State,"(88, 90]",0,0,207,207,1
2020,Penn State,"(90, 92]",0,0,207,207,1
2020,Penn State,"(92, 94]",0,0,207,207,1
2020,Penn State,"(94, 96]",0,0,207,207,1
2020,Penn State,"(96, 98]",0,0,207,207,1
2020,Wisconsin,"(-22, -20]",0,0,0,159,0
2020,Wisconsin,"(-20, -18]",0,0,0,159,0
2020,Wisconsin,"(-18, -16]",0,0,0,159,0
2020,Wisconsin,"(-16, -14]",0,0,0,159,0
2020,Wisconsin,"(-14, -12]",0,0,0,159,0
2020,Wisconsin,"(-12, -10]",0,0,0,159,0
2020,Wisconsin,"(-10, -8]",0,0,0,159,0
2020,Wisconsin,"(-8, -6]",1,0.006289308,1,159,0.006289308
2020,Wisconsin,"(-6, -4]",3,0.018867925,4,159,0.025157233
2020,Wisconsin,"(-4, -2]",7,0.044025157,11,159,0.06918239
2020,Wisconsin,"(-2, 0]",19,0.119496855,30,159,0.188679245
2020,Wisconsin,"(0, 2]",27,0.169811321,57,159,0.358490566
2020,Wisconsin,"(2, 4]",37,0.232704403,94,159,0.591194969
2020,Wisconsin,"(4, 6]",24,0.150943396,118,159,0.742138365
2020,Wisconsin,"(6, 8]",12,0.075471698,130,159,0.817610063
2020,Wisconsin,"(8, 10]",13,0.081761006,143,159,0.899371069
2020,Wisconsin,"(10, 12]",3,0.018867925,146,159,0.918238994
2020,Wisconsin,"(12, 14]",5,0.031446541,151,159,0.949685535
2020,Wisconsin,"(14, 16]",1,0.006289308,152,159,0.955974843
2020,Wisconsin,"(16, 18]",3,0.018867925,155,159,0.974842767
2020,Wisconsin,"(18, 20]",2,0.012578616,157,159,0.987421384
2020,Wisconsin,"(20, 22]",0,0,157,159,0.987421384
2020,Wisconsin,"(22, 24]",1,0.006289308,158,159,0.993710692
2020,Wisconsin,"(24, 26]",0,0,158,159,0.993710692
2020,Wisconsin,"(26, 28]",0,0,158,159,0.993710692
2020,Wisconsin,"(28, 30]",0,0,158,159,0.993710692
2020,Wisconsin,"(30, 32]",0,0,158,159,0.993710692
2020,Wisconsin,"(32, 34]",0,0,158,159,0.993710692
2020,Wisconsin,"(34, 36]",0,0,158,159,0.993710692
2020,Wisconsin,"(36, 38]",0,0,158,159,0.993710692
2020,Wisconsin,"(38, 40]",1,0.006289308,159,159,1
2020,Wisconsin,"(40, 42]",0,0,159,159,1
2020,Wisconsin,"(42, 44]",0,0,159,159,1
2020,Wisconsin,"(44, 46]",0,0,159,159,1
2020,Wisconsin,"(46, 48]",0,0,159,159,1
2020,Wisconsin,"(48, 50]",0,0,159,159,1
2020,Wisconsin,"(50, 52]",0,0,159,159,1
2020,Wisconsin,"(52, 54]",0,0,159,159,1
2020,Wisconsin,"(54, 56]",0,0,159,159,1
2020,Wisconsin,"(56, 58]",0,0,159,159,1
2020,Wisconsin,"(58, 60]",0,0,159,159,1
2020,Wisconsin,"(60, 62]",0,0,159,159,1
2020,Wisconsin,"(62, 64]",0,0,159,159,1
2020,Wisconsin,"(64, 66]",0,0,159,159,1
2020,Wisconsin,"(66, 68]",0,0,159,159,1
2020,Wisconsin,"(68, 70]",0,0,159,159,1
2020,Wisconsin,"(70, 72]",0,0,159,159,1
2020,Wisconsin,"(72, 74]",0,0,159,159,1
2020,Wisconsin,"(74, 76]",0,0,159,159,1
2020,Wisconsin,"(76, 78]",0,0,159,159,1
2020,Wisconsin,"(78, 80]",0,0,159,159,1
2020,Wisconsin,"(80, 82]",0,0,159,159,1
2020,Wisconsin,"(82, 84]",0,0,159,159,1
2020,Wisconsin,"(84, 86]",0,0,159,159,1
2020,Wisconsin,"(86, 88]",0,0,159,159,1
2020,Wisconsin,"(88, 90]",0,0,159,159,1
2020,Wisconsin,"(90, 92]",0,0,159,159,1
2020,Wisconsin,"(92, 94]",0,0,159,159,1
2020,Wisconsin,"(94, 96]",0,0,159,159,1
2020,Wisconsin,"(96, 98]",0,0,159,159,1
2021,Iowa,"(-22, -20]",0,0,0,359,0
2021,Iowa,"(-20, -18]",0,0,0,359,0
2021,Iowa,"(-18, -16]",0,0,0,359,0
2021,Iowa,"(-16, -14]",0,0,0,359,0
2021,Iowa,"(-14, -12]",0,0,0,359,0
2021,Iowa,"(-12, -10]",0,0,0,359,0
2021,Iowa,"(-10, -8]",0,0,0,359,0
2021,Iowa,"(-8, -6]",0,0,0,359,0
2021,Iowa,"(-6, -4]",11,0.030640669,11,359,0.030640669
2021,Iowa,"(-4, -2]",17,0.04735376,28,359,0.077994429
2021,Iowa,"(-2, 0]",52,0.144846797,80,359,0.222841226
2021,Iowa,"(0, 2]",81,0.225626741,161,359,0.448467967
2021,Iowa,"(2, 4]",77,0.21448468,238,359,0.662952646
2021,Iowa,"(4, 6]",40,0.111420613,278,359,0.774373259
2021,Iowa,"(6, 8]",32,0.08913649,310,359,0.863509749
2021,Iowa,"(8, 10]",15,0.04178273,325,359,0.905292479
2021,Iowa,"(10, 12]",9,0.025069638,334,359,0.930362117
2021,Iowa,"(12, 14]",6,0.016713092,340,359,0.947075209
2021,Iowa,"(14, 16]",4,0.011142061,344,359,0.95821727
2021,Iowa,"(16, 18]",2,0.005571031,346,359,0.963788301
2021,Iowa,"(18, 20]",1,0.002785515,347,359,0.966573816
2021,Iowa,"(20, 22]",3,0.008356546,350,359,0.974930362
2021,Iowa,"(22, 24]",1,0.002785515,351,359,0.977715877
2021,Iowa,"(24, 26]",0,0,351,359,0.977715877
2021,Iowa,"(26, 28]",2,0.005571031,353,359,0.983286908
2021,Iowa,"(28, 30]",0,0,353,359,0.983286908
2021,Iowa,"(30, 32]",1,0.002785515,354,359,0.986072423
2021,Iowa,"(32, 34]",0,0,354,359,0.986072423
2021,Iowa,"(34, 36]",1,0.002785515,355,359,0.988857939
2021,Iowa,"(36, 38]",0,0,355,359,0.988857939
2021,Iowa,"(38, 40]",0,0,355,359,0.988857939
2021,Iowa,"(40, 42]",1,0.002785515,356,359,0.991643454
2021,Iowa,"(42, 44]",0,0,356,359,0.991643454
2021,Iowa,"(44, 46]",1,0.002785515,357,359,0.994428969
2021,Iowa,"(46, 48]",0,0,357,359,0.994428969
2021,Iowa,"(48, 50]",0,0,357,359,0.994428969
2021,Iowa,"(50, 52]",0,0,357,359,0.994428969
2021,Iowa,"(52, 54]",0,0,357,359,0.994428969
2021,Iowa,"(54, 56]",2,0.005571031,359,359,1
2021,Iowa,"(56, 58]",0,0,359,359,1
2021,Iowa,"(58, 60]",0,0,359,359,1
2021,Iowa,"(60, 62]",0,0,359,359,1
2021,Iowa,"(62, 64]",0,0,359,359,1
2021,Iowa,"(64, 66]",0,0,359,359,1
2021,Iowa,"(66, 68]",0,0,359,359,1
2021,Iowa,"(68, 70]",0,0,359,359,1
2021,Iowa,"(70, 72]",0,0,359,359,1
2021,Iowa,"(72, 74]",0,0,359,359,1
2021,Iowa,"(74, 76]",0,0,359,359,1
2021,Iowa,"(76, 78]",0,0,359,359,1
2021,Iowa,"(78, 80]",0,0,359,359,1
2021,Iowa,"(80, 82]",0,0,359,359,1
2021,Iowa,"(82, 84]",0,0,359,359,1
2021,Iowa,"(84, 86]",0,0,359,359,1
2021,Iowa,"(86, 88]",0,0,359,359,1
2021,Iowa,"(88, 90]",0,0,359,359,1
2021,Iowa,"(90, 92]",0,0,359,359,1
2021,Iowa,"(92, 94]",0,0,359,359,1
2021,Iowa,"(94, 96]",0,0,359,359,1
2021,Iowa,"(96, 98]",0,0,359,359,1
2021,Michigan,"(-22, -20]",0,0,0,430,0
2021,Michigan,"(-20, -18]",0,0,0,430,0
2021,Michigan,"(-18, -16]",0,0,0,430,0
2021,Michigan,"(-16, -14]",0,0,0,430,0
2021,Michigan,"(-14, -12]",0,0,0,430,0
2021,Michigan,"(-12, -10]",0,0,0,430,0
2021,Michigan,"(-10, -8]",0,0,0,430,0
2021,Michigan,"(-8, -6]",1,0.002325581,1,430,0.002325581
2021,Michigan,"(-6, -4]",1,0.002325581,2,430,0.004651163
2021,Michigan,"(-4, -2]",2,0.004651163,4,430,0.009302326
2021,Michigan,"(-2, 0]",37,0.086046512,41,430,0.095348837
2021,Michigan,"(0, 2]",123,0.286046512,164,430,0.381395349
2021,Michigan,"(2, 4]",115,0.26744186,279,430,0.648837209
2021,Michigan,"(4, 6]",52,0.120930233,331,430,0.769767442
2021,Michigan,"(6, 8]",30,0.069767442,361,430,0.839534884
2021,Michigan,"(8, 10]",14,0.03255814,375,430,0.872093023
2021,Michigan,"(10, 12]",17,0.039534884,392,430,0.911627907
2021,Michigan,"(12, 14]",8,0.018604651,400,430,0.930232558
2021,Michigan,"(14, 16]",7,0.01627907,407,430,0.946511628
2021,Michigan,"(16, 18]",4,0.009302326,411,430,0.955813953
2021,Michigan,"(18, 20]",4,0.009302326,415,430,0.965116279
2021,Michigan,"(20, 22]",1,0.002325581,416,430,0.96744186
2021,Michigan,"(22, 24]",3,0.006976744,419,430,0.974418605
2021,Michigan,"(24, 26]",1,0.002325581,420,430,0.976744186
2021,Michigan,"(26, 28]",1,0.002325581,421,430,0.979069767
2021,Michigan,"(28, 30]",2,0.004651163,423,430,0.98372093
2021,Michigan,"(30, 32]",0,0,423,430,0.98372093
2021,Michigan,"(32, 34]",0,0,423,430,0.98372093
2021,Michigan,"(34, 36]",0,0,423,430,0.98372093
2021,Michigan,"(36, 38]",0,0,423,430,0.98372093
2021,Michigan,"(38, 40]",0,0,423,430,0.98372093
2021,Michigan,"(40, 42]",0,0,423,430,0.98372093
2021,Michigan,"(42, 44]",0,0,423,430,0.98372093
2021,Michigan,"(44, 46]",0,0,423,430,0.98372093
2021,Michigan,"(46, 48]",0,0,423,430,0.98372093
2021,Michigan,"(48, 50]",1,0.002325581,424,430,0.986046512
2021,Michigan,"(50, 52]",1,0.002325581,425,430,0.988372093
2021,Michigan,"(52, 54]",0,0,425,430,0.988372093
2021,Michigan,"(54, 56]",1,0.002325581,426,430,0.990697674
2021,Michigan,"(56, 58]",1,0.002325581,427,430,0.993023256
2021,Michigan,"(58, 60]",0,0,427,430,0.993023256
2021,Michigan,"(60, 62]",1,0.002325581,428,430,0.995348837
2021,Michigan,"(62, 64]",0,0,428,430,0.995348837
2021,Michigan,"(64, 66]",0,0,428,430,0.995348837
2021,Michigan,"(66, 68]",2,0.004651163,430,430,1
2021,Michigan,"(68, 70]",0,0,430,430,1
2021,Michigan,"(70, 72]",0,0,430,430,1
2021,Michigan,"(72, 74]",0,0,430,430,1
2021,Michigan,"(74, 76]",0,0,430,430,1
2021,Michigan,"(76, 78]",0,0,430,430,1
2021,Michigan,"(78, 80]",0,0,430,430,1
2021,Michigan,"(80, 82]",0,0,430,430,1
2021,Michigan,"(82, 84]",0,0,430,430,1
2021,Michigan,"(84, 86]",0,0,430,430,1
2021,Michigan,"(86, 88]",0,0,430,430,1
2021,Michigan,"(88, 90]",0,0,430,430,1
2021,Michigan,"(90, 92]",0,0,430,430,1
2021,Michigan,"(92, 94]",0,0,430,430,1
2021,Michigan,"(94, 96]",0,0,430,430,1
2021,Michigan,"(96, 98]",0,0,430,430,1
2021,Michigan State,"(-22, -20]",0,0,0,273,0
2021,Michigan State,"(-20, -18]",0,0,0,273,0
2021,Michigan State,"(-18, -16]",0,0,0,273,0
2021,Michigan State,"(-16, -14]",0,0,0,273,0
2021,Michigan State,"(-14, -12]",0,0,0,273,0
2021,Michigan State,"(-12, -10]",0,0,0,273,0
2021,Michigan State,"(-10, -8]",0,0,0,273,0
2021,Michigan State,"(-8, -6]",2,0.007326007,2,273,0.007326007
2021,Michigan State,"(-6, -4]",4,0.014652015,6,273,0.021978022
2021,Michigan State,"(-4, -2]",11,0.04029304,17,273,0.062271062
2021,Michigan State,"(-2, 0]",29,0.106227106,46,273,0.168498168
2021,Michigan State,"(0, 2]",66,0.241758242,112,273,0.41025641
2021,Michigan State,"(2, 4]",57,0.208791209,169,273,0.619047619
2021,Michigan State,"(4, 6]",27,0.098901099,196,273,0.717948718
2021,Michigan State,"(6, 8]",17,0.062271062,213,273,0.78021978
2021,Michigan State,"(8, 10]",15,0.054945055,228,273,0.835164835
2021,Michigan State,"(10, 12]",9,0.032967033,237,273,0.868131868
2021,Michigan State,"(12, 14]",5,0.018315018,242,273,0.886446886
2021,Michigan State,"(14, 16]",9,0.032967033,251,273,0.919413919
2021,Michigan State,"(16, 18]",1,0.003663004,252,273,0.923076923
2021,Michigan State,"(18, 20]",1,0.003663004,253,273,0.926739927
2021,Michigan State,"(20, 22]",1,0.003663004,254,273,0.93040293
2021,Michigan State,"(22, 24]",3,0.010989011,257,273,0.941391941
2021,Michigan State,"(24, 26]",4,0.014652015,261,273,0.956043956
2021,Michigan State,"(26, 28]",3,0.010989011,264,273,0.967032967
2021,Michigan State,"(28, 30]",2,0.007326007,266,273,0.974358974
2021,Michigan State,"(30, 32]",0,0,266,273,0.974358974
2021,Michigan State,"(32, 34]",1,0.003663004,267,273,0.978021978
2021,Michigan State,"(34, 36]",2,0.007326007,269,273,0.985347985
2021,Michigan State,"(36, 38]",0,0,269,273,0.985347985
2021,Michigan State,"(38, 40]",0,0,269,273,0.985347985
2021,Michigan State,"(40, 42]",0,0,269,273,0.985347985
2021,Michigan State,"(42, 44]",0,0,269,273,0.985347985
2021,Michigan State,"(44, 46]",0,0,269,273,0.985347985
2021,Michigan State,"(46, 48]",0,0,269,273,0.985347985
2021,Michigan State,"(48, 50]",1,0.003663004,270,273,0.989010989
2021,Michigan State,"(50, 52]",0,0,270,273,0.989010989
2021,Michigan State,"(52, 54]",0,0,270,273,0.989010989
2021,Michigan State,"(54, 56]",0,0,270,273,0.989010989
2021,Michigan State,"(56, 58]",1,0.003663004,271,273,0.992673993
2021,Michigan State,"(58, 60]",0,0,271,273,0.992673993
2021,Michigan State,"(60, 62]",0,0,271,273,0.992673993
2021,Michigan State,"(62, 64]",0,0,271,273,0.992673993
2021,Michigan State,"(64, 66]",0,0,271,273,0.992673993
2021,Michigan State,"(66, 68]",0,0,271,273,0.992673993
2021,Michigan State,"(68, 70]",0,0,271,273,0.992673993
2021,Michigan State,"(70, 72]",0,0,271,273,0.992673993
2021,Michigan State,"(72, 74]",0,0,271,273,0.992673993
2021,Michigan State,"(74, 76]",1,0.003663004,272,273,0.996336996
2021,Michigan State,"(76, 78]",0,0,272,273,0.996336996
2021,Michigan State,"(78, 80]",0,0,272,273,0.996336996
2021,Michigan State,"(80, 82]",0,0,272,273,0.996336996
2021,Michigan State,"(82, 84]",0,0,272,273,0.996336996
2021,Michigan State,"(84, 86]",0,0,272,273,0.996336996
2021,Michigan State,"(86, 88]",0,0,272,273,0.996336996
2021,Michigan State,"(88, 90]",0,0,272,273,0.996336996
2021,Michigan State,"(90, 92]",0,0,272,273,0.996336996
2021,Michigan State,"(92, 94]",1,0.003663004,273,273,1
2021,Michigan State,"(94, 96]",0,0,273,273,1
2021,Michigan State,"(96, 98]",0,0,273,273,1
2021,Ohio State,"(-22, -20]",0,0,0,342,0
2021,Ohio State,"(-20, -18]",0,0,0,342,0
2021,Ohio State,"(-18, -16]",0,0,0,342,0
2021,Ohio State,"(-16, -14]",0,0,0,342,0
2021,Ohio State,"(-14, -12]",0,0,0,342,0
2021,Ohio State,"(-12, -10]",0,0,0,342,0
2021,Ohio State,"(-10, -8]",0,0,0,342,0
2021,Ohio State,"(-8, -6]",0,0,0,342,0
2021,Ohio State,"(-6, -4]",2,0.005847953,2,342,0.005847953
2021,Ohio State,"(-4, -2]",11,0.032163743,13,342,0.038011696
2021,Ohio State,"(-2, 0]",22,0.064327485,35,342,0.102339181
2021,Ohio State,"(0, 2]",61,0.178362573,96,342,0.280701754
2021,Ohio State,"(2, 4]",90,0.263157895,186,342,0.543859649
2021,Ohio State,"(4, 6]",60,0.175438596,246,342,0.719298246
2021,Ohio State,"(6, 8]",24,0.070175439,270,342,0.789473684
2021,Ohio State,"(8, 10]",17,0.049707602,287,342,0.839181287
2021,Ohio State,"(10, 12]",17,0.049707602,304,342,0.888888889
2021,Ohio State,"(12, 14]",6,0.01754386,310,342,0.906432749
2021,Ohio State,"(14, 16]",4,0.011695906,314,342,0.918128655
2021,Ohio State,"(16, 18]",7,0.020467836,321,342,0.938596491
2021,Ohio State,"(18, 20]",3,0.00877193,324,342,0.947368421
2021,Ohio State,"(20, 22]",7,0.020467836,331,342,0.967836257
2021,Ohio State,"(22, 24]",0,0,331,342,0.967836257
2021,Ohio State,"(24, 26]",1,0.002923977,332,342,0.970760234
2021,Ohio State,"(26, 28]",1,0.002923977,333,342,0.973684211
2021,Ohio State,"(28, 30]",0,0,333,342,0.973684211
2021,Ohio State,"(30, 32]",1,0.002923977,334,342,0.976608187
2021,Ohio State,"(32, 34]",0,0,334,342,0.976608187
2021,Ohio State,"(34, 36]",1,0.002923977,335,342,0.979532164
2021,Ohio State,"(36, 38]",0,0,335,342,0.979532164
2021,Ohio State,"(38, 40]",0,0,335,342,0.979532164
2021,Ohio State,"(40, 42]",0,0,335,342,0.979532164
2021,Ohio State,"(42, 44]",1,0.002923977,336,342,0.98245614
2021,Ohio State,"(44, 46]",0,0,336,342,0.98245614
2021,Ohio State,"(46, 48]",1,0.002923977,337,342,0.985380117
2021,Ohio State,"(48, 50]",0,0,337,342,0.985380117
2021,Ohio State,"(50, 52]",1,0.002923977,338,342,0.988304094
2021,Ohio State,"(52, 54]",1,0.002923977,339,342,0.99122807
2021,Ohio State,"(54, 56]",0,0,339,342,0.99122807
2021,Ohio State,"(56, 58]",1,0.002923977,340,342,0.994152047
2021,Ohio State,"(58, 60]",0,0,340,342,0.994152047
2021,Ohio State,"(60, 62]",0,0,340,342,0.994152047
2021,Ohio State,"(62, 64]",0,0,340,342,0.994152047
2021,Ohio State,"(64, 66]",0,0,340,342,0.994152047
2021,Ohio State,"(66, 68]",1,0.002923977,341,342,0.997076023
2021,Ohio State,"(68, 70]",0,0,341,342,0.997076023
2021,Ohio State,"(70, 72]",1,0.002923977,342,342,1
2021,Ohio State,"(72, 74]",0,0,342,342,1
2021,Ohio State,"(74, 76]",0,0,342,342,1
2021,Ohio State,"(76, 78]",0,0,342,342,1
2021,Ohio State,"(78, 80]",0,0,342,342,1
2021,Ohio State,"(80, 82]",0,0,342,342,1
2021,Ohio State,"(82, 84]",0,0,342,342,1
2021,Ohio State,"(84, 86]",0,0,342,342,1
2021,Ohio State,"(86, 88]",0,0,342,342,1
2021,Ohio State,"(88, 90]",0,0,342,342,1
2021,Ohio State,"(90, 92]",0,0,342,342,1
2021,Ohio State,"(92, 94]",0,0,342,342,1
2021,Ohio State,"(94, 96]",0,0,342,342,1
2021,Ohio State,"(96, 98]",0,0,342,342,1
2021,Penn State,"(-22, -20]",0,0,0,290,0
2021,Penn State,"(-20, -18]",0,0,0,290,0
2021,Penn State,"(-18, -16]",0,0,0,290,0
2021,Penn State,"(-16, -14]",0,0,0,290,0
2021,Penn State,"(-14, -12]",0,0,0,290,0
2021,Penn State,"(-12, -10]",0,0,0,290,0
2021,Penn State,"(-10, -8]",0,0,0,290,0
2021,Penn State,"(-8, -6]",0,0,0,290,0
2021,Penn State,"(-6, -4]",3,0.010344828,3,290,0.010344828
2021,Penn State,"(-4, -2]",11,0.037931034,14,290,0.048275862
2021,Penn State,"(-2, 0]",42,0.144827586,56,290,0.193103448
2021,Penn State,"(0, 2]",79,0.272413793,135,290,0.465517241
2021,Penn State,"(2, 4]",61,0.210344828,196,290,0.675862069
2021,Penn State,"(4, 6]",38,0.131034483,234,290,0.806896552
2021,Penn State,"(6, 8]",20,0.068965517,254,290,0.875862069
2021,Penn State,"(8, 10]",15,0.051724138,269,290,0.927586207
2021,Penn State,"(10, 12]",8,0.027586207,277,290,0.955172414
2021,Penn State,"(12, 14]",4,0.013793103,281,290,0.968965517
2021,Penn State,"(14, 16]",2,0.006896552,283,290,0.975862069
2021,Penn State,"(16, 18]",3,0.010344828,286,290,0.986206897
2021,Penn State,"(18, 20]",0,0,286,290,0.986206897
2021,Penn State,"(20, 22]",1,0.003448276,287,290,0.989655172
2021,Penn State,"(22, 24]",0,0,287,290,0.989655172
2021,Penn State,"(24, 26]",0,0,287,290,0.989655172
2021,Penn State,"(26, 28]",0,0,287,290,0.989655172
2021,Penn State,"(28, 30]",0,0,287,290,0.989655172
2021,Penn State,"(30, 32]",0,0,287,290,0.989655172
2021,Penn State,"(32, 34]",2,0.006896552,289,290,0.996551724
2021,Penn State,"(34, 36]",0,0,289,290,0.996551724
2021,Penn State,"(36, 38]",0,0,289,290,0.996551724
2021,Penn State,"(38, 40]",0,0,289,290,0.996551724
2021,Penn State,"(40, 42]",0,0,289,290,0.996551724
2021,Penn State,"(42, 44]",1,0.003448276,290,290,1
2021,Penn State,"(44, 46]",0,0,290,290,1
2021,Penn State,"(46, 48]",0,0,290,290,1
2021,Penn State,"(48, 50]",0,0,290,290,1
2021,Penn State,"(50, 52]",0,0,290,290,1
2021,Penn State,"(52, 54]",0,0,290,290,1
2021,Penn State,"(54, 56]",0,0,290,290,1
2021,Penn State,"(56, 58]",0,0,290,290,1
2021,Penn State,"(58, 60]",0,0,290,290,1
2021,Penn State,"(60, 62]",0,0,290,290,1
2021,Penn State,"(62, 64]",0,0,290,290,1
2021,Penn State,"(64, 66]",0,0,290,290,1
2021,Penn State,"(66, 68]",0,0,290,290,1
2021,Penn State,"(68, 70]",0,0,290,290,1
2021,Penn State,"(70, 72]",0,0,290,290,1
2021,Penn State,"(72, 74]",0,0,290,290,1
2021,Penn State,"(74, 76]",0,0,290,290,1
2021,Penn State,"(76, 78]",0,0,290,290,1
2021,Penn State,"(78, 80]",0,0,290,290,1
2021,Penn State,"(80, 82]",0,0,290,290,1
2021,Penn State,"(82, 84]",0,0,290,290,1
2021,Penn State,"(84, 86]",0,0,290,290,1
2021,Penn State,"(86, 88]",0,0,290,290,1
2021,Penn State,"(88, 90]",0,0,290,290,1
2021,Penn State,"(90, 92]",0,0,290,290,1
2021,Penn State,"(92, 94]",0,0,290,290,1
2021,Penn State,"(94, 96]",0,0,290,290,1
2021,Penn State,"(96, 98]",0,0,290,290,1
2021,Wisconsin,"(-22, -20]",0,0,0,222,0
2021,Wisconsin,"(-20, -18]",0,0,0,222,0
2021,Wisconsin,"(-18, -16]",0,0,0,222,0
2021,Wisconsin,"(-16, -14]",0,0,0,222,0
2021,Wisconsin,"(-14, -12]",0,0,0,222,0
2021,Wisconsin,"(-12, -10]",0,0,0,222,0
2021,Wisconsin,"(-10, -8]",0,0,0,222,0
2021,Wisconsin,"(-8, -6]",0,0,0,222,0
2021,Wisconsin,"(-6, -4]",1,0.004504505,1,222,0.004504505
2021,Wisconsin,"(-4, -2]",5,0.022522523,6,222,0.027027027
2021,Wisconsin,"(-2, 0]",23,0.103603604,29,222,0.130630631
2021,Wisconsin,"(0, 2]",51,0.22972973,80,222,0.36036036
2021,Wisconsin,"(2, 4]",60,0.27027027,140,222,0.630630631
2021,Wisconsin,"(4, 6]",38,0.171171171,178,222,0.801801802
2021,Wisconsin,"(6, 8]",12,0.054054054,190,222,0.855855856
2021,Wisconsin,"(8, 10]",9,0.040540541,199,222,0.896396396
2021,Wisconsin,"(10, 12]",7,0.031531532,206,222,0.927927928
2021,Wisconsin,"(12, 14]",5,0.022522523,211,222,0.95045045
2021,Wisconsin,"(14, 16]",4,0.018018018,215,222,0.968468468
2021,Wisconsin,"(16, 18]",2,0.009009009,217,222,0.977477477
2021,Wisconsin,"(18, 20]",2,0.009009009,219,222,0.986486486
2021,Wisconsin,"(20, 22]",0,0,219,222,0.986486486
2021,Wisconsin,"(22, 24]",1,0.004504505,220,222,0.990990991
2021,Wisconsin,"(24, 26]",0,0,220,222,0.990990991
2021,Wisconsin,"(26, 28]",0,0,220,222,0.990990991
2021,Wisconsin,"(28, 30]",0,0,220,222,0.990990991
2021,Wisconsin,"(30, 32]",0,0,220,222,0.990990991
2021,Wisconsin,"(32, 34]",0,0,220,222,0.990990991
2021,Wisconsin,"(34, 36]",1,0.004504505,221,222,0.995495495
2021,Wisconsin,"(36, 38]",0,0,221,222,0.995495495
2021,Wisconsin,"(38, 40]",0,0,221,222,0.995495495
2021,Wisconsin,"(40, 42]",0,0,221,222,0.995495495
2021,Wisconsin,"(42, 44]",0,0,221,222,0.995495495
2021,Wisconsin,"(44, 46]",0,0,221,222,0.995495495
2021,Wisconsin,"(46, 48]",0,0,221,222,0.995495495
2021,Wisconsin,"(48, 50]",0,0,221,222,0.995495495
2021,Wisconsin,"(50, 52]",0,0,221,222,0.995495495
2021,Wisconsin,"(52, 54]",0,0,221,222,0.995495495
2021,Wisconsin,"(54, 56]",0,0,221,222,0.995495495
2021,Wisconsin,"(56, 58]",0,0,221,222,0.995495495
2021,Wisconsin,"(58, 60]",0,0,221,222,0.995495495
2021,Wisconsin,"(60, 62]",0,0,221,222,0.995495495
2021,Wisconsin,"(62, 64]",0,0,221,222,0.995495495
2021,Wisconsin,"(64, 66]",0,0,221,222,0.995495495
2021,Wisconsin,"(66, 68]",0,0,221,222,0.995495495
2021,Wisconsin,"(68, 70]",0,0,221,222,0.995495495
2021,Wisconsin,"(70, 72]",0,0,221,222,0.995495495
2021,Wisconsin,"(72, 74]",0,0,221,222,0.995495495
2021,Wisconsin,"(74, 76]",0,0,221,222,0.995495495
2021,Wisconsin,"(76, 78]",0,0,221,222,0.995495495
2021,Wisconsin,"(78, 80]",0,0,221,222,0.995495495
2021,Wisconsin,"(80, 82]",1,0.004504505,222,222,1
2021,Wisconsin,"(82, 84]",0,0,222,222,1
2021,Wisconsin,"(84, 86]",0,0,222,222,1
2021,Wisconsin,"(86, 88]",0,0,222,222,1
2021,Wisconsin,"(88, 90]",0,0,222,222,1
2021,Wisconsin,"(90, 92]",0,0,222,222,1
2021,Wisconsin,"(92, 94]",0,0,222,222,1
2021,Wisconsin,"(94, 96]",0,0,222,222,1
2021,Wisconsin,"(96, 98]",0,0,222,222,1
